"UID","Name","DOI","Citation","Rights","More Information","Data generalisations","Information withheld","Download limit","Number of Records in Download"
"dp34","Department of Planning, Industry and Environment representing the State of New South Wales","","Records provided by Department of Planning, Industry and Environment representing the State of New South Wales, accessed through ALA website.","","For more information: https://collections.ala.org.au/public/show/dp34","","","","2080"
"dp32","South Australia, Department for Environment and Water","","Records provided by South Australia, Department for Environment and Water, accessed through ALA website.","","For more information: https://collections.ala.org.au/public/show/dp32","","","","680"
"co274","Museums Victoria DNA Laboratory","","Records provided by Museums Victoria DNA Laboratory, accessed through ALA website.","","For more information: https://collections.ala.org.au/public/show/co274","","","","1"
"dp52","Questagame","","Records provided by Questagame, accessed through ALA website.","","For more information: https://collections.ala.org.au/public/show/dp52","","","","261"
"dr1097","Victorian Biodiversity Atlas","10.15468/khlfs3","Records provided by Victorian Biodiversity Atlas, accessed through ALA website.","Creative Commons Attribution (International) (CC-BY 4.0 (Int)) Copyright in the data and materials resides with the copyright owners as indicated next to the detailed records. In any reproduction, distribution or publication of the data, or in any use or adaptation of the data to create derivative works, the user must include a citation which attributes the source of the data and the date the data was published, as follows: Data Source: 'Victorian Biodiversity Atlas', © The State of Victoria, Department of Environment and Primary Industries (published [month, year]). Data Source: 'Victorian Biodiversity Atlas', (c) The State of Victoria, Department of Environment, Land, Water & Planning (published [month, year]). 
        Creative Commons Attribution-Noncommercial (International) (CC-BY-NC 4.0 (Int) 4.0)","For more information: https://collections.ala.org.au/public/show/dr1097","","","","3128"
"dp3301","NatureMapr","","Records provided by NatureMapr, accessed through ALA website.","","For more information: https://collections.ala.org.au/public/show/dp3301","","","","555"
"dr1132","WildNet - Queensland Wildlife Data","10.15468/lxgoyb","Queensland Government","Creative Commons Attribution (International) (CC-BY 4.0 (Int))","For more information: https://collections.ala.org.au/public/show/dr1132","","","","8"
"dr365","SA Fauna","10.15468/xsderl","© Crown in right of the State of South Australia, Department of Environment, Water and Natural Resources.","Creative Commons Attribution (International) (CC-BY 4.0 (Int))","For more information: https://collections.ala.org.au/public/show/dr365","- Data is supplied to ALA as held on BDBSA.
- Copies of third party datasets held by DEW are not available through SAFlora and SAFauna in ALA. 
- Information about BDBSA datasets is available through the DEW website ( http://apps.environment.sa.gov.au/emap/envmaps-query.do?cmd=su.SurveySummaryMain )","- DEW provides advice as required on restrictions to sensitive records.
- DEW perform standard filtering of BDBSA data prior to release. These standard filters include records considered questionable due to location or taxonomic issues and sub fossil records","","680"
"dr368","NSW BioNet Atlas","10.15468/14jd9g","BioNet Species Sightings occurrence data held by the NSW Office of Environment and Heritage (OEH).   The BioNet repository holds data from a number of sources and custodians. (Accessed through ALA Data Portal,<Date of Access>).","Creative Commons Attribution (International) (CC-BY 4.0 (Int))","For more information: https://collections.ala.org.au/public/show/dr368","","","","2080"
"dr1411","iNaturalist Australia","","iNaturalist.org: iNaturalist Research-grade Observations. doi:10.15468/ab3s5x
Accessed via http://www.gbif.org/dataset/50c9509d-22c7-4a22-a47d-8c48425ef4a7 on 2017-03-16","CC-BY-NC-Int","For more information: https://collections.ala.org.au/public/show/dr1411","","","","2689"
"dr466","Garden Bird Surveys","10.15468/jsjoae","Canberra Ornithologists Group Garden Bird Survey","Creative Commons Attribution-Noncommercial (International) (CC-BY-NC 4.0 (Int))","For more information: https://collections.ala.org.au/public/show/dr466","","","","470"
"dp3903","BioCollect","","Records provided by BioCollect, accessed through ALA website.","","For more information: https://collections.ala.org.au/public/show/dp3903","","","","7"
"dp3227","FieldData / Biological Data Recording System","","Records provided by FieldData / Biological Data Recording System, accessed through ALA website.","","For more information: https://collections.ala.org.au/public/show/dp3227","","","","69"
"dr364","ALA species sightings and OzAtlas","10.15468/jayxmn","Individual sighting: Atlas of Living Australia (2023) Individual sighting dataset
Test sighting: Atlas of Living Australia (2023) Test sighting dataset
","CC-BY","For more information: https://collections.ala.org.au/public/show/dr364","","","","79"
"dr2008","ACT Wildlife Atlas","10.15468/3bsmhl","Data supplied by the ACT Environment & Planning Directorate 2015","Creative Commons Attribution (Australia) (CC-BY 3.0 (Au))","For more information: https://collections.ala.org.au/public/show/dr2008","","Some sensitive records have been withheld.","","1"
"dr342","Museums Victoria provider for OZCAM","10.15468/lp1ctu","Museums Victoria, http://museumvictoria.com.au/","CC-BY","For more information: https://collections.ala.org.au/public/show/dr342","","","","4"
"dr2009","eBird Australia","","See https://science.ebird.org/en/use-ebird-data/citation","Creative Commons Zero (CC0)","For more information: https://collections.ala.org.au/public/show/dr2009","","","","38610"
"dr341","Australian National Wildlife Collection provider for OZCAM","10.15468/gscnac","Australian National Wildlife Collection, CSIRO, http://www.csiro.au/","CC-BY Data is available under the Creative Commons Attribution 3.0 Australia license.  Sound files associated with specimen records are not available for download and re-use. Please contact the Australian National Wildlife Collection for more information.","For more information: https://collections.ala.org.au/public/show/dr341","","","","7"
"dp20","OZCAM (Online Zoological Collections of Australian Museums) Provider","","Records provided by OZCAM (Online Zoological Collections of Australian Museums) Provider, accessed through ALA website.","","For more information: https://collections.ala.org.au/public/show/dp20","","","","11"
"co120","Museums Victoria Ornithology Collection","","Records provided by Museums Victoria Ornithology Collection, accessed through ALA website.","","For more information: https://collections.ala.org.au/public/show/co120","","","","3"
"dr360","Encyclopedia of Life Images - Flickr Group","","Citation is at the individual image","Creative Commons - license at record level (Creative Commons - license at record level)","For more information: https://collections.ala.org.au/public/show/dr360","","","","1"
"in6","Commonwealth Scientific and Industrial Research Organisation","","Records provided by Commonwealth Scientific and Industrial Research Organisation, accessed through ALA website.","","For more information: https://collections.ala.org.au/public/show/in6","","","","7"
"dr893","BowerBird","","Records provided by BowerBird, accessed through ALA website.","Creative Commons - license at record level (Creative Commons - license at record level) The rights of material uploaded by users to the BowerBird website are owned by those users. Each user will nominate the type of license that can apply to their content - BowerBird encourages the Creative Commons License but users have the right to deny use of their content. Please respect the license wishes of the user's content.

For all other material, including the content, design and source code of BowerBird other than user-contributed material, is under the Open Source and Creative Commons licenses. You may use this material.","For more information: https://collections.ala.org.au/public/show/dr893","","","","18"
"dr4612","Flora and Fauna of Wamboin and Bywong","10.15468/5lnifr","Flora and Fauna of Wamboin and Bywong","CC-BY Wamboin and Bywong Landcare","For more information: https://collections.ala.org.au/public/show/dr4612","","","","2"
"dr4638","Bathing Birds - National Parks Association NSW and Birdlife Australia","10.15468/ypdtwr","Bathing Birds - National Parks Association NSW and Birdlife Australia","Creative Commons Attribution (International) (CC-BY 4.0 (Int))","For more information: https://collections.ala.org.au/public/show/dr4638","","","","67"
"dr19123","NatureMapr","10.15468/uye32x","Records provided by NatureMapr, accessed through ALA website.","Creative Commons Attribution (Australia) (CC-BY 3.0 (Au)) Creative Commons Attribution 3.0 (Australia)","For more information: https://collections.ala.org.au/public/show/dr19123","","","","555"
"dr714","Gaia Guide","10.15468/i1bc3o","Records provided by Gaia Guide, accessed through ALA website.","Creative Commons Attribution (International) (CC-BY 3.0 (Int))","For more information: https://collections.ala.org.au/public/show/dr714","","","","9"
"co270","FieldData / Biological Data Recording System","","Records provided by FieldData / Biological Data Recording System, accessed through ALA website.","","For more information: https://collections.ala.org.au/public/show/co270","","","","69"
"dr1902","Earth Guardians Weekly Feed","10.15468/slqqt8","Records provided by Earth Guardians Weekly Feed, accessed through ALA website.","Creative Commons Attribution-Noncommercial (International) (CC-BY-NC 4.0 (Int))","For more information: https://collections.ala.org.au/public/show/dr1902","","","","261"
"in16","Museums Victoria","","Records provided by Museums Victoria, accessed through ALA website.","","For more information: https://collections.ala.org.au/public/show/in16","","","","4"
"dr359","BirdLife Australia, Birdata","10.15468/dchsnk","BirdLife Australia - Birdata Project (http://www.birdata.com.au)","CC-BY-NC","For more information: https://collections.ala.org.au/public/show/dr359","","Please note that details of records of sensitive species have been removed from this data set.  To request full access to these records please contact Birds Australia (atlas@birdlife.org.au).","","4401"
"dp29","Flickr","","Records provided by Flickr, accessed through ALA website.","","For more information: https://collections.ala.org.au/public/show/dp29","","","","1"
"dp28","BirdLife Australia","","Records provided by BirdLife Australia, accessed through ALA website.","","For more information: https://collections.ala.org.au/public/show/dp28","","","","4401"
"dr15023","Eyre Peninsula's Bird Monitoring Program","10.15468/bwdkez","Eyre Peninsula's Bird Monitoring Program: EYRE PENINSULA LANDSCAPE BOARD (2022) Eyre Peninsula's Bird Monitoring Program dataset
","Creative Commons Attribution (Australia) (CC-BY 3.0 (Au))","For more information: https://collections.ala.org.au/public/show/dr15023","","","","7"
"in191","FieldData / Biological Data Recording System","","Records provided by FieldData / Biological Data Recording System, accessed through ALA website.","","For more information: https://collections.ala.org.au/public/show/in191","","","","69"
"dr635","NatureShare","10.15468/4cqg2v","Records provided by NatureShare, accessed through ALA website.","CC-BY Images are CC-BY 2.5, Data is CC-BY-NC 3.0.","For more information: https://collections.ala.org.au/public/show/dr635","","","","16"
"co16","Australian National Wildlife Collection","","Records provided by Australian National Wildlife Collection, accessed through ALA website.","","For more information: https://collections.ala.org.au/public/show/co16","","","","7"
