"recordID","scientificName","taxonConceptID","decimalLatitude","decimalLongitude","eventDate","occurrenceStatus","dataResourceName","multimedia","images","videos","sounds"
"005913d8-1405-47b8-bf88-a2bde45af951","Petroica (Petroica) boodang","https://biodiversity.org.au/afd/taxa/a3e5376b-f9e6-4bdf-adae-1e7add9f5c29","-37.90926","146.005147","2024-03-20T21:44:00Z","PRESENT","iNaturalist Australia","Image","ae969fa0-d085-4a59-a43f-cb819a3dfc73","",""
"02239375-9696-4764-90c4-a75c0ea36dbe","Petroica (Petroica) boodang","https://biodiversity.org.au/afd/taxa/a3e5376b-f9e6-4bdf-adae-1e7add9f5c29","-33.442236","116.643265","2024-02-21T10:45:00Z","PRESENT","iNaturalist Australia","Image","2834606c-50a0-4a58-b808-ed3d3cb32186 | d7faeeca-eb12-4d27-8d2a-801c4821e196","",""
"029c78dc-97c5-42c6-9999-4dfc5df4e06f","Petroica (Petroica) boodang","https://biodiversity.org.au/afd/taxa/a3e5376b-f9e6-4bdf-adae-1e7add9f5c29","-37.716117","145.054164","2024-04-28T00:25:42Z","PRESENT","iNaturalist Australia","Image","46d92eac-ab91-40bc-ba64-245ad995fc96","",""
"043c78fe-22cc-4dc0-86a6-0fd27b265066","Petroica (Petroica) boodang","https://biodiversity.org.au/afd/taxa/a3e5376b-f9e6-4bdf-adae-1e7add9f5c29","-37.632455","145.109009","2024-04-13T01:34:00Z","PRESENT","iNaturalist Australia","Image","50be6f1b-a078-48e4-8dfa-d3382302d0b2 | 62e5b53d-b76e-428a-9ab4-87c548cba06c | 658f5052-a186-4838-b02f-45a2d9e905a4 | ee3a7f11-96f7-4890-9fff-f552478c5a1c","",""
"067441d2-2aa0-44be-954b-e0b3e33b270e","Petroica (Petroica) boodang","https://biodiversity.org.au/afd/taxa/a3e5376b-f9e6-4bdf-adae-1e7add9f5c29","-36.062537","146.901475","2024-04-17T05:50:00Z","PRESENT","iNaturalist Australia","Image","bb52ff2f-5bef-4189-a580-4001e53da8ad","",""
"07829c75-7148-4932-acff-b98f015bf39f","Petroica (Petroica) boodang","https://biodiversity.org.au/afd/taxa/a3e5376b-f9e6-4bdf-adae-1e7add9f5c29","-33.691131","150.248568","2024-04-04T03:56:47Z","PRESENT","iNaturalist Australia","Image","85be2429-4942-446a-9222-a44b56f4b080 | a28cc809-be18-4a71-8f1c-1bc70ba749d6","",""
"0827ea15-668f-4fe1-b205-1b3bfb5e638f","Petroica (Petroica) boodang","https://biodiversity.org.au/afd/taxa/a3e5376b-f9e6-4bdf-adae-1e7add9f5c29","-37.267991","144.308718","2024-04-19T01:51:48Z","PRESENT","iNaturalist Australia","Image","cbf2e92b-f1f1-4957-ad6c-9f3afa97b5f0","",""
"09b90a6e-1ee8-4a04-839a-f2916ce19986","Petroica (Petroica) boodang","https://biodiversity.org.au/afd/taxa/a3e5376b-f9e6-4bdf-adae-1e7add9f5c29","-34.39315","119.388633","2024-03-29T01:08:02Z","PRESENT","iNaturalist Australia","Image","0d91c8f7-f1c2-44d5-a674-9c5658ef11b4 | 5d88ac98-d9c9-4977-b614-d5a216b5982c | 67138630-f0fd-4587-b7d6-81953f0915f9 | ca8ab19a-1bac-4071-ac9e-ff07dacb61fc","",""
"0a03063d-2ce6-41f4-b57e-9909ac4bc5a2","Petroica (Petroica) boodang","https://biodiversity.org.au/afd/taxa/a3e5376b-f9e6-4bdf-adae-1e7add9f5c29","-29.899923","151.159347","2024-03-02T21:01:00Z","PRESENT","iNaturalist Australia","Image","83673ed2-c3b8-4ccf-bb05-bcd5cebea2dd | d3f7faf8-2c7c-4071-968d-3ccc1f117c56","",""
"0a09466b-ff06-4347-8e0c-8791f6c088ef","Petroica (Petroica) boodang","https://biodiversity.org.au/afd/taxa/a3e5376b-f9e6-4bdf-adae-1e7add9f5c29","-34.77443","117.701426","2024-03-24T07:09:00Z","PRESENT","iNaturalist Australia","Image","59924d05-7766-4e58-bc9e-a3128fab9697","",""
"0a8d6bf2-299e-4512-b2a8-995702909844","Petroica (Petroica) boodang","https://biodiversity.org.au/afd/taxa/a3e5376b-f9e6-4bdf-adae-1e7add9f5c29","-34.780675","117.694157","2024-01-30T23:55:00Z","PRESENT","iNaturalist Australia","Image","3b85140a-10f2-4e1b-b047-e9bea28d647d | 771226f8-f03a-48a9-85ab-9a8725dcffb4","",""
"0ca0e3f5-969c-48c0-bd1f-e0efd00735ee","Petroica (Petroica) boodang","https://biodiversity.org.au/afd/taxa/a3e5376b-f9e6-4bdf-adae-1e7add9f5c29","-37.017217","145.123062","2024-04-07T06:20:00Z","PRESENT","iNaturalist Australia","Image","e73783a8-c0eb-4702-ab38-dbfb25002d37","",""
"0e0dee55-a731-485b-8832-581d9e529fa9","Petroica (Petroica) boodang","https://biodiversity.org.au/afd/taxa/a3e5376b-f9e6-4bdf-adae-1e7add9f5c29","-35.243172","149.027941","2024-03-15T22:39:00Z","PRESENT","NatureMapr","Image","f143bc27-bd77-4bd8-b22a-6e1cd7d00c23","",""
"0efddd9c-347d-4c4c-a754-e9f551095851","Petroica (Petroica) boodang","https://biodiversity.org.au/afd/taxa/a3e5376b-f9e6-4bdf-adae-1e7add9f5c29","-32.123692","116.101824","2024-01-15T01:56:25Z","PRESENT","iNaturalist Australia","Image","5a65530e-9319-4438-8a79-cb95e158396e","",""
"131e3a36-6b12-4924-91a7-9225969c0f75","Petroica (Petroica) boodang","https://biodiversity.org.au/afd/taxa/a3e5376b-f9e6-4bdf-adae-1e7add9f5c29","-34.675969","150.297733","2024-03-01T22:32:00Z","PRESENT","NatureMapr","Image","104640e7-2125-4089-be9d-9c8ca28351ba | 25365c42-858c-4c47-b795-529371c1bc2e","",""
"13af866e-03c9-4c93-9efa-cb52609063fe","Petroica (Petroica) boodang","https://biodiversity.org.au/afd/taxa/a3e5376b-f9e6-4bdf-adae-1e7add9f5c29","-37.000475","144.309326","2024-04-30T05:00:00Z","PRESENT","iNaturalist Australia","Image","7f4bf6e6-d214-4e1e-96f5-cd90384cd4e8","",""
"16d9a433-6c28-4b2a-a6ab-194b8005ac45","Petroica (Petroica) boodang","https://biodiversity.org.au/afd/taxa/a3e5376b-f9e6-4bdf-adae-1e7add9f5c29","-34.692015","138.826933","2024-04-26T23:19:00Z","PRESENT","iNaturalist Australia","Image","3a897d3e-8b05-4514-bfae-a62d774584aa","",""
"1707acea-998b-4428-9271-721051982f43","Petroica (Petroica) boodang","https://biodiversity.org.au/afd/taxa/a3e5376b-f9e6-4bdf-adae-1e7add9f5c29","-37.397667","144.261133","2024-03-31T23:39:00Z","PRESENT","iNaturalist Australia","Image","54b341db-ccaa-47bc-8d10-cb9d34fe6a83","",""
"17749fe6-1db2-4ff0-9e25-e9147c60c245","Petroica (Petroica) boodang","https://biodiversity.org.au/afd/taxa/a3e5376b-f9e6-4bdf-adae-1e7add9f5c29","-35.299468","149.009417","2024-03-30T01:04:00Z","PRESENT","NatureMapr","Image","297bc51d-dc67-46a4-8453-c0ab8e3afbb0 | 7d0bca50-4047-4864-94e2-e42b5861642d | 862cc2fe-eb22-4c90-88c8-327aec8ca44e | cdb2d702-c276-4939-88bf-219ecd0d6a6b","",""
"17f589b1-6735-46e3-86e3-d745b67852b9","Petroica (Petroica) boodang","https://biodiversity.org.au/afd/taxa/a3e5376b-f9e6-4bdf-adae-1e7add9f5c29","-43.157228","147.352691","2024-03-17T00:44:42Z","PRESENT","iNaturalist Australia","Image","dbb7a3b0-2de5-4768-a42f-0b155e287820","",""
"1b1793c8-55ec-4c82-9a22-f3e6d09cc437","Petroica (Petroica) boodang","https://biodiversity.org.au/afd/taxa/a3e5376b-f9e6-4bdf-adae-1e7add9f5c29","-35.373164","149.220658","2024-04-19T06:50:00Z","PRESENT","NatureMapr","Image","0eb05f57-73ba-4684-bc23-44ba11fca60b | 1f315477-8bb8-45aa-a579-cb748528760c | ccae5631-2b6a-4b22-b9cb-12e8f1af9607","",""
"1ddbcdd9-ab88-4af8-b6e9-4564296579d0","Petroica (Petroica) boodang","https://biodiversity.org.au/afd/taxa/a3e5376b-f9e6-4bdf-adae-1e7add9f5c29","-41.453771","147.12964","2024-04-25T01:01:00Z","PRESENT","iNaturalist Australia","Image","383e6ed3-6df5-4e26-b4eb-2778f91aa5dc | 9733f505-9923-4b9f-87f9-5d81cdf89564 | c89e7fda-5eaa-47bc-9eb4-a1cee634528d","",""
"1e1db892-81a0-48ba-b968-dd5274ece385","Petroica (Petroica) boodang","https://biodiversity.org.au/afd/taxa/a3e5376b-f9e6-4bdf-adae-1e7add9f5c29","-37.909277","146.005166","2024-03-21T22:08:00Z","PRESENT","iNaturalist Australia","Image","b303e634-7e23-4d32-aef4-4d91a40a9986","",""
"1ee459a9-7ed8-4ffe-827b-b9a32c520422","Petroica (Petroica) boodang","https://biodiversity.org.au/afd/taxa/a3e5376b-f9e6-4bdf-adae-1e7add9f5c29","-42.972225","147.090222","2024-05-03T01:15:57Z","PRESENT","iNaturalist Australia","Image","3209977c-184f-4b9c-923d-d3e963dda66d","",""
"1ef23d1f-c9ea-4349-b58e-0322bd4bacf1","Petroica (Petroica) boodang","https://biodiversity.org.au/afd/taxa/a3e5376b-f9e6-4bdf-adae-1e7add9f5c29","-34.692015","138.826933","2024-02-03T01:03:00Z","PRESENT","iNaturalist Australia","Image","ae56c3b5-659f-4096-ad24-911fc0b5326e","",""
"247366a3-4834-42f2-a6cb-b14e13e02042","Petroica (Petroica) boodang","https://biodiversity.org.au/afd/taxa/a3e5376b-f9e6-4bdf-adae-1e7add9f5c29","-34.77443","117.701426","2024-04-30T04:33:00Z","PRESENT","iNaturalist Australia","Image","da2c8907-85f7-4e3e-b22c-8375087cc822","",""
"24c3017a-a692-4b67-a1b7-465a8728f026","Petroica (Petroica) boodang","https://biodiversity.org.au/afd/taxa/a3e5376b-f9e6-4bdf-adae-1e7add9f5c29","-37.909065","146.006324","2024-03-22T20:52:00Z","PRESENT","iNaturalist Australia","Sound","","","38e3679d-7a66-4778-ba7e-7ac839f526fa"
"25534ff9-4660-4456-adf9-aabb2944085b","Petroica (Petroica) boodang","https://biodiversity.org.au/afd/taxa/a3e5376b-f9e6-4bdf-adae-1e7add9f5c29","-42.955929","147.080909","2024-03-10T06:50:27Z","PRESENT","iNaturalist Australia","Image","490e0009-097d-4c50-b2f2-c87fd3843a09","",""
"25970bb7-68ba-4991-a905-56a484d701bd","Petroica (Petroica) boodang","https://biodiversity.org.au/afd/taxa/a3e5376b-f9e6-4bdf-adae-1e7add9f5c29","-35.633877","138.259597","2024-04-25T06:57:35Z","PRESENT","iNaturalist Australia","Image","0e4f5158-d043-43f3-8de6-34efdf63ed1f | 4c814b21-2249-4bb3-9237-74e6a4ab9e3a","",""
"265fce7c-d92a-411a-9096-86ad26e0030c","Petroica (Petroica) boodang","https://biodiversity.org.au/afd/taxa/a3e5376b-f9e6-4bdf-adae-1e7add9f5c29","-35.729557","148.992427","2024-01-20T01:26:00Z","PRESENT","iNaturalist Australia","Image","6fcda5a9-18a8-4187-b974-4bd569d074f5","",""
"29a372e5-f689-4848-a498-4d254a0dcf5e","Petroica (Petroica) boodang","https://biodiversity.org.au/afd/taxa/a3e5376b-f9e6-4bdf-adae-1e7add9f5c29","-37.018339","145.11907","2024-04-07T06:21:00Z","PRESENT","iNaturalist Australia","Image","449fe71c-35dd-4d01-a9be-209d8c471bdb | b7e87abf-7d66-4b1a-8cec-9441eddc65ae","",""
"2a63afe1-db47-4e8b-9cae-5e65d267ba9e","Petroica (Petroica) boodang boodang","https://biodiversity.org.au/afd/taxa/53a066e6-a857-421a-aea6-8e38dc256717","-34.970775","138.719895","2024-02-14T00:08:26Z","PRESENT","iNaturalist Australia","Image","6b03c3eb-34c9-43fc-9f0d-bf6d214cc81a | a5a034c8-61bc-4cd8-b5c7-8851e6a53d9b | efe53b06-9634-44c5-bc01-dde9e25d4e17","",""
"2aa44dbb-7f36-4738-809a-9d8c03df333c","Petroica (Petroica) boodang","https://biodiversity.org.au/afd/taxa/a3e5376b-f9e6-4bdf-adae-1e7add9f5c29","-31.465481","151.249708","2024-03-22T23:44:00Z","PRESENT","iNaturalist Australia","Image","d8691bdc-30bb-4cff-aa5f-e31ebde1f2a6","",""
"2acfba3c-baee-49d0-899c-a22a12a0ece4","Petroica (Petroica) boodang","https://biodiversity.org.au/afd/taxa/a3e5376b-f9e6-4bdf-adae-1e7add9f5c29","-41.23092","146.298651","2024-04-28T00:46:00Z","PRESENT","iNaturalist Australia","Image","f40fca28-af5e-4bdb-bfa7-3e8d0d712b9e","",""
"2bea0bd7-a799-46da-add5-b7f4fd03b9c5","Petroica (Petroica) boodang","https://biodiversity.org.au/afd/taxa/a3e5376b-f9e6-4bdf-adae-1e7add9f5c29","-31.342863","115.598265","2024-04-25T02:04:28Z","PRESENT","iNaturalist Australia","Image","0878821f-13b9-4b5f-a081-39e5769fa842 | fa4dbbd1-1cb8-400f-8418-fb3f2bd28862","",""
"2f9d7fb0-33ef-41e0-8471-5f92248d1a05","Petroica (Petroica) boodang","https://biodiversity.org.au/afd/taxa/a3e5376b-f9e6-4bdf-adae-1e7add9f5c29","-34.671305","138.832589","2024-04-20T00:48:00Z","PRESENT","iNaturalist Australia","Image","ad571a11-0506-402b-a72d-9ae2579e2832","",""
"2fee9cc0-e699-4cbd-b3c1-f783a39b704d","Petroica (Petroica) boodang","https://biodiversity.org.au/afd/taxa/a3e5376b-f9e6-4bdf-adae-1e7add9f5c29","-36.890364","145.427208","2024-03-16T00:00:00Z","PRESENT","iNaturalist Australia","Image","41e01d60-8ce4-4ea4-b7eb-243d57823871 | e7b78d2a-3ff4-44aa-82ec-883233cdb24b","",""
"3084b906-5600-44d1-990b-24b50571d958","Petroica (Petroica) boodang","https://biodiversity.org.au/afd/taxa/a3e5376b-f9e6-4bdf-adae-1e7add9f5c29","-35.386865","149.02764","2024-04-11T23:03:00Z","PRESENT","NatureMapr","Image","2ae023db-f9bb-4847-9d68-c2af49bdc6b5 | e733d7b6-da1f-457b-905b-5d01ae95845c","",""
"30e809d7-4fcc-4f6a-92dc-8c978b6bb181","Petroica (Petroica) boodang","https://biodiversity.org.au/afd/taxa/a3e5376b-f9e6-4bdf-adae-1e7add9f5c29","-43.09535","146.728788","2024-05-04T03:19:00Z","PRESENT","iNaturalist Australia","Image","10f910f6-227a-4f9c-95fb-12e92cbd0d41 | 24f4a028-78f0-4026-94bd-dd2c9e9a3361 | 623f2ff6-2402-486d-b5d0-2077cc472d26 | b8e406fe-a87d-46a7-a3e3-962000563f75 | f14b5bd4-55fc-493b-addc-312b634e126a | fd397f93-1569-4e08-ac15-771fd5428827","",""
"321c1dc8-f800-4130-acf1-5f082d1ae1cd","Petroica (Petroica) boodang","https://biodiversity.org.au/afd/taxa/a3e5376b-f9e6-4bdf-adae-1e7add9f5c29","-36.062978","146.901954","2024-04-17T05:54:00Z","PRESENT","iNaturalist Australia","Image","7c8e418b-ccd4-4633-bb85-f5b395b4faff","",""
"32ea78db-d4de-4ca2-a6e7-cbcb64e76b4c","Petroica (Petroica) boodang","https://biodiversity.org.au/afd/taxa/a3e5376b-f9e6-4bdf-adae-1e7add9f5c29","-34.692015","138.826933","2024-02-28T00:44:00Z","PRESENT","iNaturalist Australia","Image","fc960e8a-2bcf-421b-8d51-430a88f08b26","",""
"348de279-f1f9-49c5-9af1-304b860cb8db","Petroica (Petroica) boodang","https://biodiversity.org.au/afd/taxa/a3e5376b-f9e6-4bdf-adae-1e7add9f5c29","-35.166933","149.075919","2024-03-18T22:58:00Z","PRESENT","NatureMapr","Image","ef517c90-73fa-448f-a0bb-14e1b3cd01f8","",""
"35f2aaaf-5b7d-4dc7-a701-7a91ea55922c","Petroica (Petroica) boodang","https://biodiversity.org.au/afd/taxa/a3e5376b-f9e6-4bdf-adae-1e7add9f5c29","-39.028236","146.316641","2024-01-24T03:57:00Z","PRESENT","iNaturalist Australia","Image","2cab8b85-73c0-4eda-8f70-3dfa5a52052a | 5f2524a9-fea1-4309-9c7e-4c61dbcac5e0 | 967189b6-0dfd-4be8-85d3-ecfee97ba464 | ddf9fce1-19b5-43c5-8876-d91c0ce3e3d0","",""
"3602e39e-a078-432e-94d4-838b09149ac9","Petroica (Petroica) boodang","https://biodiversity.org.au/afd/taxa/a3e5376b-f9e6-4bdf-adae-1e7add9f5c29","-34.90115","138.725768","2024-02-24T00:38:00Z","PRESENT","iNaturalist Australia","Image","2667189e-df27-4654-be4b-74d408fae695 | 4558b7e6-1d13-42d1-ab4a-43234e91f310 | c02817ce-7d04-4508-a5e5-78d2975bc0c6","",""
"368867d4-8d3f-4ac0-931c-5d812697f0b9","Petroica (Petroica) boodang","https://biodiversity.org.au/afd/taxa/a3e5376b-f9e6-4bdf-adae-1e7add9f5c29","-37.696446","144.005351","2024-03-12T23:22:52Z","PRESENT","iNaturalist Australia","Image","d0580099-ed86-42b1-ac52-cd78a67d9549","",""
"39298ff4-bc8d-4c6b-a1d9-80e09cd30201","Petroica (Petroica) boodang","https://biodiversity.org.au/afd/taxa/a3e5376b-f9e6-4bdf-adae-1e7add9f5c29","-34.692015","138.826933","2024-03-29T23:20:00Z","PRESENT","iNaturalist Australia","Image","cff4c0cd-6a3f-4451-9814-0e88cbf73152","",""
"39616a4a-1fcb-454b-bc46-a5a27ef7f279","Petroica (Petroica) boodang","https://biodiversity.org.au/afd/taxa/a3e5376b-f9e6-4bdf-adae-1e7add9f5c29","-41.126208","148.263394","2024-02-14T00:00:00Z","PRESENT","iNaturalist Australia","Image","397057fb-75bf-4df6-b05e-fb627c1c4e2e","",""
"3a6e2a75-ea8c-4915-8595-34a51b09ecc3","Petroica (Petroica) boodang","https://biodiversity.org.au/afd/taxa/a3e5376b-f9e6-4bdf-adae-1e7add9f5c29","-37.467318","144.242918","2024-03-29T04:40:00Z","PRESENT","iNaturalist Australia","Image","1287450f-9f19-4c8d-b424-a02828bfd7dc","",""
"3ab40899-0e7f-42c5-9ed3-046412c49327","Petroica (Petroica) boodang","https://biodiversity.org.au/afd/taxa/a3e5376b-f9e6-4bdf-adae-1e7add9f5c29","-37.008565","144.303348","2024-03-27T02:02:00Z","PRESENT","iNaturalist Australia","Image","21f39828-5a23-427d-be5f-07b8e7436c35","",""
"3d338a9b-9e74-4080-a5c0-995f46aa1bfb","Petroica (Petroica) boodang","https://biodiversity.org.au/afd/taxa/a3e5376b-f9e6-4bdf-adae-1e7add9f5c29","-36.823022","149.654205","2024-05-01T06:46:48Z","PRESENT","iNaturalist Australia","Image","56f1181b-7e3e-4f0f-af40-521ce4682860 | 926fd8fa-4c88-46d5-90f1-8bfef5bc0076 | af2ebbd8-9fe7-40f1-a00a-a1d7673191d4 | c286e331-a9eb-49a1-b8ee-490930e067d3","",""
"3d6dd8bf-9ff6-44fc-9690-448e87d351aa","Petroica (Petroica) boodang","https://biodiversity.org.au/afd/taxa/a3e5376b-f9e6-4bdf-adae-1e7add9f5c29","-43.096622","146.727182","2024-05-04T03:15:00Z","PRESENT","iNaturalist Australia","Image","c0d53e8e-75bd-491f-a20b-02a08bdf7652 | fc1b340f-be89-44ab-9f5b-caedc0dfbb40","",""
"3da98955-19f4-4294-a157-78896e6455b7","Petroica (Petroica) boodang","https://biodiversity.org.au/afd/taxa/a3e5376b-f9e6-4bdf-adae-1e7add9f5c29","-36.875328","145.413922","2024-04-21T00:00:00Z","PRESENT","iNaturalist Australia","Image","d4896153-d95d-4f04-84ce-14427d76e253","",""
"3e980c10-98cd-4005-8481-32722a65d937","Petroica (Petroica) boodang","https://biodiversity.org.au/afd/taxa/a3e5376b-f9e6-4bdf-adae-1e7add9f5c29","-41.467789","147.173524","2024-01-20T00:32:00Z","PRESENT","iNaturalist Australia","Image","0799cfd6-eaa7-46c8-bd52-3317411bcb5b | 28c47487-9b84-4700-9be0-ec66a846c8ce | 2d1529bc-f973-4e14-81ed-b5de8b6d55cf | 3337ec85-8c54-446a-a3f9-bd489c32f62c | 3a144494-e298-42f3-ab57-872e3298eb28 | 43a1b903-fa68-49cd-8df0-95c3e2f3b77f | 4c83fb10-06d6-4cf6-a883-6227be9c4f1a | 4e41adcb-efff-4cc5-a19d-4fee04968c2b | 59c5cfbd-61fb-4ee3-a29c-6edf73ea3f33 | d8af5877-1425-4a09-b805-f1a284e6b229 | db331652-9c7f-4c22-b52e-c2abe7033046 | dfb037f7-f574-4ace-9436-a7f77cf3cd3c | ed7f7b50-751c-4a23-b2d7-9b0cae959d10","",""
"3f6c9069-61e7-4390-a7f6-a7bbf62e521c","Petroica (Petroica) boodang","https://biodiversity.org.au/afd/taxa/a3e5376b-f9e6-4bdf-adae-1e7add9f5c29","-34.303162","149.984082","2024-03-28T04:25:00Z","PRESENT","NatureMapr","Image","643f1037-a394-4f2d-89d0-1c8f0ba78f31 | 90641a38-96fc-4437-acc6-736ff436f73c | cd205c09-096e-4e4b-9a89-c230c77a8c8e | ddede244-0d26-4ad0-99f9-f0923f3f1a75","",""
"40b09211-8760-42c3-994a-300e23035ed8","Petroica (Petroica) boodang","https://biodiversity.org.au/afd/taxa/a3e5376b-f9e6-4bdf-adae-1e7add9f5c29","-31.627251","116.036411","2024-03-28T06:02:00Z","PRESENT","iNaturalist Australia","Image","43cb7901-57ed-48a8-808a-ddd74129568c","",""
"41759442-62f9-473c-9eef-c068389a2091","Petroica (Petroica) boodang","https://biodiversity.org.au/afd/taxa/a3e5376b-f9e6-4bdf-adae-1e7add9f5c29","-36.571211","149.760109","2024-04-14T04:32:00Z","PRESENT","iNaturalist Australia","Image","65a89ec8-272b-4867-8952-050b0af3d329 | c706dab9-f6ee-4f5e-8ce1-84a4eab3eccd","",""
"41b4101f-bf6d-46bd-904a-746c6845ea3b","Petroica (Petroica) boodang","https://biodiversity.org.au/afd/taxa/a3e5376b-f9e6-4bdf-adae-1e7add9f5c29","-35.291046","148.922203","2024-03-31T01:34:20Z","PRESENT","iNaturalist Australia","Image","62d51b73-866e-47bc-968e-15a20c286bf5","",""
"4254c165-a8cb-45d1-8ce0-9d681e049b28","Petroica (Petroica) boodang","https://biodiversity.org.au/afd/taxa/a3e5376b-f9e6-4bdf-adae-1e7add9f5c29","-37.882178","145.311094","2024-04-13T13:06:11Z","PRESENT","iNaturalist Australia","Image","18b59ccf-c0d0-48de-8b75-806dddc7b0c8 | 382aa3fd-d176-48f4-9ed5-57ceeb27fb1f | 38b12c90-1254-4206-a1c2-9642c200d6c5 | 97cd057c-3b30-4874-b7b7-3c3eacae98ca | acc1bf88-61c8-44f2-8ba1-aac0b9ed9c85","",""
"42cb3d2a-8fa2-4d34-bfa1-f7864df07471","Petroica (Petroica) boodang","https://biodiversity.org.au/afd/taxa/a3e5376b-f9e6-4bdf-adae-1e7add9f5c29","-34.692015","138.826933","2024-01-26T23:41:00Z","PRESENT","iNaturalist Australia","Image","461419a4-9c92-4070-9a43-2d1f6a44ef8a","",""
"43c02553-084e-4888-825b-5142a99102f3","Petroica (Petroica) boodang","https://biodiversity.org.au/afd/taxa/a3e5376b-f9e6-4bdf-adae-1e7add9f5c29","-43.095333","146.728795","2024-05-04T03:20:00Z","PRESENT","iNaturalist Australia","Image","ba73bfd0-ac11-437d-bf92-f19f112deb6e | e15787ff-a678-4ac3-a2f8-e31b71c26bb3","",""
"43f495b9-a8c5-4631-9c07-17fc3535e798","Petroica (Petroica) boodang","https://biodiversity.org.au/afd/taxa/a3e5376b-f9e6-4bdf-adae-1e7add9f5c29","-34.468869","116.946201","2024-01-20T05:12:00Z","PRESENT","iNaturalist Australia","Image","3602ebd3-66e8-4680-b7ff-eda29aabf37b | 435d2ad5-de1a-4437-9c6a-0bb7d25b49d7 | 478c8a4e-8411-446e-a4f6-cdd85c57dfc8 | 77fc9c46-b615-4385-9669-d5162b813410 | b156c723-8480-4d01-9eb2-f6f4bff20c54 | d4203c97-9391-4a76-9950-41849d44efc7","",""
"448da15e-f37b-43ed-8af1-bff50e8f5127","Petroica (Petroica) boodang","https://biodiversity.org.au/afd/taxa/a3e5376b-f9e6-4bdf-adae-1e7add9f5c29","-35.377677","149.038308","2024-03-27T01:57:00Z","PRESENT","NatureMapr","Image","609ff4c8-1a38-45dc-9cba-f6a2e03d38bd | 63c346c1-dc8d-413f-9f24-9bf79dcdd61f | a340e40a-c0fe-4d85-abbc-a783dd571485 | c626182e-f80b-48c0-b37e-687e9758a59c | d7bae88b-4726-4f28-9fc5-f5492816375b","",""
"44a9f134-a8d5-4e5e-9e3b-d374981ba352","Petroica (Petroica) boodang","https://biodiversity.org.au/afd/taxa/a3e5376b-f9e6-4bdf-adae-1e7add9f5c29","-41.338192","146.83928","2024-04-07T07:50:32Z","PRESENT","iNaturalist Australia","Image","8db352d0-3a2b-4c3a-90d4-e3debc0cc2ad","",""
"44d701e7-9409-4beb-8792-d1898fb7e42b","Petroica (Petroica) boodang","https://biodiversity.org.au/afd/taxa/a3e5376b-f9e6-4bdf-adae-1e7add9f5c29","-34.31916","118.188629","2024-04-22T06:31:00Z","PRESENT","iNaturalist Australia","Image","b381e2bf-f7e8-4984-8ba9-5134d3779895","",""
"45a86585-7315-4c81-8671-b1b607f24144","Petroica (Petroica) boodang","https://biodiversity.org.au/afd/taxa/a3e5376b-f9e6-4bdf-adae-1e7add9f5c29","-32.770786","116.085714","2024-04-25T01:58:52Z","PRESENT","iNaturalist Australia","Image","0bcfd9fc-8d5b-4971-a6d5-d70bccb0a169 | 8df588d6-b9a8-40d1-b7b3-801b76bb8aa4 | f5c8160e-b29a-430d-8cba-0c9682a77428","",""
"47db082f-9df1-4896-bfa2-3bdf776e6cf9","Petroica (Petroica) boodang","https://biodiversity.org.au/afd/taxa/a3e5376b-f9e6-4bdf-adae-1e7add9f5c29","-33.444367","150.179947","2024-04-09T23:05:00Z","PRESENT","iNaturalist Australia","Image","1313b744-bd7a-4592-8972-e6615363c6b9 | 162a2711-52f6-4d6f-a2dc-248d3c3b4270","",""
"497be61e-287a-4b96-a987-e413740ee9b4","Petroica (Petroica) boodang","https://biodiversity.org.au/afd/taxa/a3e5376b-f9e6-4bdf-adae-1e7add9f5c29","-37.629418","145.11253","2024-04-27T01:01:53Z","PRESENT","iNaturalist Australia","Image","09b29355-fab9-4bfc-861f-15a0d93396de | cb0799b7-21b1-4cf0-adb5-70262361c83c | ff45d9d1-0cef-4317-935a-2b09a5649e9b","",""
"49f13ce9-f821-48d7-a1d5-5309239e6d3a","Petroica (Petroica) boodang","https://biodiversity.org.au/afd/taxa/a3e5376b-f9e6-4bdf-adae-1e7add9f5c29","-37.630563","145.256126","2024-04-05T02:28:00Z","PRESENT","iNaturalist Australia","Image","7abef8d2-cfef-4a84-b20e-4b3591a435df","",""
"4a259682-89e0-4d28-a697-4db52e30c153","Petroica (Petroica) boodang boodang","https://biodiversity.org.au/afd/taxa/53a066e6-a857-421a-aea6-8e38dc256717","-35.153009","138.7394","2024-04-28T00:17:00Z","PRESENT","iNaturalist Australia","Image","0aa54b56-1f88-4cdb-8101-194ce69e0f24 | 2a10ecb8-e77a-4da5-8b2c-231a3f5e0eb1 | 31cfc028-f8ef-4de7-a338-db91f24a36f3","",""
"4b3f77a8-7032-496f-b5dc-f9272e0b0853","Petroica (Petroica) boodang","https://biodiversity.org.au/afd/taxa/a3e5376b-f9e6-4bdf-adae-1e7add9f5c29","-34.782236","117.690729","2024-04-07T07:43:00Z","PRESENT","iNaturalist Australia","Image","de8336d0-ae93-4c25-a847-8f400ec89ed6","",""
"4b8e0880-353f-4d05-b83e-4748e221099f","Petroica (Petroica) boodang","https://biodiversity.org.au/afd/taxa/a3e5376b-f9e6-4bdf-adae-1e7add9f5c29","-41.230916","146.298661","2024-04-28T00:46:00Z","PRESENT","iNaturalist Australia","Image","61bb80f3-eea1-4de1-b450-ca679b573597 | 90cadc9e-f14e-4ba3-9466-652d8424e205","",""
"4be183ac-8016-44d1-aecb-ed2a41eb2a86","Petroica (Petroica) boodang","https://biodiversity.org.au/afd/taxa/a3e5376b-f9e6-4bdf-adae-1e7add9f5c29","-34.716497","139.007928","2024-03-25T01:39:59Z","PRESENT","iNaturalist Australia","Image","bf261b23-a037-4dd6-8e8c-318abbf97f73 | f629ad08-1551-412f-aae8-de15054a4fbe","",""
"4c9a4190-0bbe-4072-905d-37153c4fc9a4","Petroica (Petroica) boodang","https://biodiversity.org.au/afd/taxa/a3e5376b-f9e6-4bdf-adae-1e7add9f5c29","-35.733095","148.99592","2024-04-14T06:45:00Z","PRESENT","iNaturalist Australia","Image","ddc6e041-43d0-486d-ad7b-e468b89c3d6d","",""
"4d97dd16-67a1-4c34-883f-69f2219f7ce2","Petroica (Petroica) boodang","https://biodiversity.org.au/afd/taxa/a3e5376b-f9e6-4bdf-adae-1e7add9f5c29","-37.456258","144.651572","2024-03-28T07:00:00Z","PRESENT","iNaturalist Australia","Image","31e17b25-757c-435a-9397-962ec0e30b81","",""
"4e24b7dc-10f8-4f32-a9e0-1b178c15ef3d","Petroica (Petroica) boodang","https://biodiversity.org.au/afd/taxa/a3e5376b-f9e6-4bdf-adae-1e7add9f5c29","-35.247583","149.08516","2024-01-11T23:27:00Z","PRESENT","NatureMapr","Image","06128005-95ec-4312-8b49-9997744b9b91 | 5779aa6e-8e7a-4f97-8722-3eb3e6c662aa","",""
"4e2e9673-ef6d-4b39-a802-04382f51c352","Petroica (Petroica) boodang","https://biodiversity.org.au/afd/taxa/a3e5376b-f9e6-4bdf-adae-1e7add9f5c29","-36.873256","145.414628","2024-02-12T08:13:00Z","PRESENT","iNaturalist Australia","Image","1e91f93f-5662-4c9e-9630-1ceac0ef9f4e | 39750da0-9ee7-4b19-ba3a-806a3e4a6c07","",""
"4e737447-9d1f-4a16-b2a0-f5c1594d497b","Petroica (Petroica) boodang","https://biodiversity.org.au/afd/taxa/a3e5376b-f9e6-4bdf-adae-1e7add9f5c29","-34.77443","117.701426","2024-03-13T02:12:00Z","PRESENT","iNaturalist Australia","Image","2053941a-c22f-46c6-a002-8540159e842b | 352ac190-0b20-47a3-b911-687f786cdd97","",""
"4ed480ab-2b43-474b-9f43-ac64f071827b","Petroica (Petroica) boodang","https://biodiversity.org.au/afd/taxa/a3e5376b-f9e6-4bdf-adae-1e7add9f5c29","-36.89817","142.464508","2024-04-06T03:27:40Z","PRESENT","iNaturalist Australia","Image","2fd0ce96-6c81-4ab9-bd1b-4e7640b74d06 | caee9922-6a80-4176-8162-d18438b86314 | e73677bf-1005-40b0-903e-fe86c7288c13","",""
"4faec4aa-18d0-406a-9407-a5852685b490","Petroica (Petroica) boodang","https://biodiversity.org.au/afd/taxa/a3e5376b-f9e6-4bdf-adae-1e7add9f5c29","-37.449112","144.665237","2024-04-18T23:22:10Z","PRESENT","iNaturalist Australia","Image","4d5a236e-66db-4cd3-9203-59db5f12ae7b | 6013d9e9-f966-4810-bf7a-13446ba1cc4a | 839dcb54-b7e9-4e94-8c05-6038790f4b39 | e6acdd59-9594-421f-80ef-3c5c48f9564e","",""
"5048886a-73c1-4f3d-ba6a-8b1b3f356a91","Petroica (Petroica) boodang campbelli","https://biodiversity.org.au/afd/taxa/e6a32f6c-3076-4410-9982-a6336758e31f","-32.170371","115.89457","2024-02-24T07:42:00Z","PRESENT","iNaturalist Australia","Image","214756c2-fd38-45da-a6ca-cd190509f5cc | 4c15d7bc-c6ff-4a17-88d2-8f8919d07991 | 94f0e02e-21e6-4bb7-85e7-52429e005529 | c03f61af-8373-41f9-8a19-33101a08a8cf | f5bb0f22-41cc-4d1e-918b-24209e9b7435","",""
"50e815f5-f364-4c6e-be90-607d4a1dbfe5","Petroica (Petroica) boodang","https://biodiversity.org.au/afd/taxa/a3e5376b-f9e6-4bdf-adae-1e7add9f5c29","-35.623978","148.684888","2024-02-21T21:01:00Z","PRESENT","NatureMapr","Image","b9285bf0-9d91-4048-ae8d-4e23462e1423 | f91de6fc-a261-46ad-bb17-a33bbee7552a","",""
"5215828a-ce08-4ba4-b9ee-e7ac0640f80c","Petroica (Petroica) boodang","https://biodiversity.org.au/afd/taxa/a3e5376b-f9e6-4bdf-adae-1e7add9f5c29","-42.582902","148.086528","2024-03-10T01:28:17Z","PRESENT","iNaturalist Australia","Image","483e7445-e80f-429e-a1c2-608502b76996","",""
"5222abd2-dce6-476a-b3c2-20f20b9d6aaa","Petroica (Petroica) boodang","https://biodiversity.org.au/afd/taxa/a3e5376b-f9e6-4bdf-adae-1e7add9f5c29","-43.021065","147.330049","2024-01-16T00:04:00Z","PRESENT","iNaturalist Australia","Image","5a39eee1-26fd-4d9a-b073-39c1960a2b7c | 76573040-be21-4324-85f8-064dd8d84be5","",""
"534ee926-9d22-43cb-9a8e-c5ec8c43d5b6","Petroica (Petroica) boodang","https://biodiversity.org.au/afd/taxa/a3e5376b-f9e6-4bdf-adae-1e7add9f5c29","-40.971418","147.93004","2024-03-30T03:45:50Z","PRESENT","iNaturalist Australia","Sound","","","a9f0de49-4cf7-4e0a-b99b-37d974ad6352"
"544e2c60-83ea-451c-b06a-677636b86f19","Petroica (Petroica) boodang","https://biodiversity.org.au/afd/taxa/a3e5376b-f9e6-4bdf-adae-1e7add9f5c29","-34.504926","116.993832","2024-01-26T23:52:00Z","PRESENT","iNaturalist Australia","Image","239fc17f-1929-4101-9046-ec7bae6eeed5 | 3a0050df-ea0f-4487-8b7b-8da543032432 | 485570d1-bc12-40cc-ae57-662c6e9a79f5 | 8999997b-45b0-4ae6-97ea-908f1ef93bfd","",""
"54f37ca0-c592-4f50-a0e4-347726d57924","Petroica (Petroica) boodang","https://biodiversity.org.au/afd/taxa/a3e5376b-f9e6-4bdf-adae-1e7add9f5c29","-36.888469","145.429381","2024-03-12T00:00:00Z","PRESENT","iNaturalist Australia","Image","3f9c82a3-e1df-4ce1-b907-aa6dae8466d5 | cab3f289-a10c-41aa-944c-4e3e443e6d95","",""
"568c029f-1c1b-49b5-babe-080e97958d43","Petroica (Petroica) boodang","https://biodiversity.org.au/afd/taxa/a3e5376b-f9e6-4bdf-adae-1e7add9f5c29","-36.703456","149.447237","2024-02-03T04:19:00Z","PRESENT","NatureMapr","Image","d255612f-f12c-4931-9427-6d484a238724","",""
"5755b481-05be-47b4-923a-ca6b05a7a258","Petroica (Petroica) boodang","https://biodiversity.org.au/afd/taxa/a3e5376b-f9e6-4bdf-adae-1e7add9f5c29","-38.003138","146.625159","2024-04-20T05:06:00Z","PRESENT","iNaturalist Australia","Image","f53cf97e-cb37-4ddb-b6fd-452fbcd48d62","",""
"584e4c68-bb7b-4045-a6cc-8e69318e3c59","Petroica (Petroica) boodang","https://biodiversity.org.au/afd/taxa/a3e5376b-f9e6-4bdf-adae-1e7add9f5c29","-34.90119","138.725765","2024-04-06T05:27:00Z","PRESENT","iNaturalist Australia","Image","6a124de3-48e6-4493-9b97-be2b756dc540","",""
"5990a8cc-5178-416a-8b19-75fec3156265","Petroica (Petroica) boodang","https://biodiversity.org.au/afd/taxa/a3e5376b-f9e6-4bdf-adae-1e7add9f5c29","-35.198686","149.051406","2024-04-23T04:27:00Z","PRESENT","NatureMapr","Image","03c28483-86ff-43b6-8913-dc4f75c079bf | 6d51bff2-d77b-4a0a-afb4-1635d0efb759","",""
"5ac55503-a34c-4544-8ebc-c5829c4dcdad","Petroica (Petroica) boodang","https://biodiversity.org.au/afd/taxa/a3e5376b-f9e6-4bdf-adae-1e7add9f5c29","-43.426937","146.995479","2024-02-20T22:35:00Z","PRESENT","iNaturalist Australia","Image","225f75fd-0a43-4495-b6b9-d9476b852082 | 235b48df-1597-45bc-a681-0773b5aeb558 | 4e01fcd1-f0ef-4940-a6df-e2d6105212fa | 53a57560-8a2a-46fa-b308-16f2789a5589 | b39b698e-5dbc-4f5d-98a4-90ccbbe10ccc | eb659fb4-6430-4eab-a826-15b98f91f53f","",""
"5bd9ed69-6b55-4216-bca0-c98e7134c76d","Petroica (Petroica) boodang","https://biodiversity.org.au/afd/taxa/a3e5376b-f9e6-4bdf-adae-1e7add9f5c29","-34.582873","139.022078","2024-01-11T01:48:00Z","PRESENT","iNaturalist Australia","Image","507241f5-3850-49f5-8d89-ceefbf624f14","",""
"5f771d07-1f12-4f78-b7be-91c6a93e69ad","Petroica (Petroica) boodang","https://biodiversity.org.au/afd/taxa/a3e5376b-f9e6-4bdf-adae-1e7add9f5c29","-36.890097","145.428272","2024-04-11T00:00:00Z","PRESENT","iNaturalist Australia","Image","08e4f9b0-0731-4dea-bdc1-1c3a37b606d9 | 4d3acaa7-fe66-4e49-8886-1534d2f1ea5e | baace152-22c7-41da-97ec-606f136232c1","",""
"613ed402-c83d-4d90-9b6e-e0b3b37f419a","Petroica (Petroica) boodang","https://biodiversity.org.au/afd/taxa/a3e5376b-f9e6-4bdf-adae-1e7add9f5c29","-35.377805","149.038317","2024-03-27T00:51:00Z","PRESENT","iNaturalist Australia","Image","64452d12-1d8c-4af9-9c04-20e433885710 | 7feb5a00-92de-4f67-aa40-15712d570794 | a96e9c60-303c-4413-a8f5-19cfb4dc9322","",""
"617b2c41-f6b4-4c37-8991-3214697f86e4","Petroica (Petroica) boodang","https://biodiversity.org.au/afd/taxa/a3e5376b-f9e6-4bdf-adae-1e7add9f5c29","-43.037033","147.272223","2024-02-07T22:33:30Z","PRESENT","iNaturalist Australia","Image","c57423f7-2f27-406f-a3d4-5cd03a462000","",""
"61ceaecc-7683-4d98-bc69-73d4dc3babc3","Petroica (Petroica) boodang","https://biodiversity.org.au/afd/taxa/a3e5376b-f9e6-4bdf-adae-1e7add9f5c29","-31.626831","116.036125","2024-04-06T04:03:00Z","PRESENT","iNaturalist Australia","Image","a5371576-b4d5-4c31-89d9-7efebd2ce53b","",""
"62548013-350a-46f5-9bbf-dc6334be6078","Petroica (Petroica) boodang","https://biodiversity.org.au/afd/taxa/a3e5376b-f9e6-4bdf-adae-1e7add9f5c29","-37.776854","143.875206","2024-04-22T06:34:34Z","PRESENT","iNaturalist Australia","Image","531a6944-58ec-4a5b-ba2e-2206ec7dec63","",""
"62a3c81e-5cb1-4c1b-9f6c-2aae2269baa9","Petroica (Petroica) boodang","https://biodiversity.org.au/afd/taxa/a3e5376b-f9e6-4bdf-adae-1e7add9f5c29","-30.301895","151.54316","2024-03-22T02:24:00Z","PRESENT","iNaturalist Australia","Image","04898b0c-c792-4b19-b6cd-4e5005a62351","",""
"6528e1ab-ef92-4baa-b24c-c49f5ce5def5","Petroica (Petroica) boodang","https://biodiversity.org.au/afd/taxa/a3e5376b-f9e6-4bdf-adae-1e7add9f5c29","-33.020892","138.107096","2024-05-01T04:11:00Z","PRESENT","iNaturalist Australia","Image","446a92f8-a9f4-481c-9c8b-04c4f2148c13 | a62c2be2-0d4b-48a1-a3e4-e1b379e65831","",""
"666dadf5-8e74-4d2a-8117-18ffffc994a8","Petroica (Petroica) boodang","https://biodiversity.org.au/afd/taxa/a3e5376b-f9e6-4bdf-adae-1e7add9f5c29","-37.669192","145.088824","2024-04-16T00:57:00Z","PRESENT","iNaturalist Australia","Image","1df59999-e8b4-40df-82db-bf841e4acec6","",""
"66d71b24-9089-4acb-b338-e4062631d09e","Petroica (Petroica) boodang boodang","https://biodiversity.org.au/afd/taxa/53a066e6-a857-421a-aea6-8e38dc256717","-34.975267","138.709853","2024-04-17T07:42:51Z","PRESENT","iNaturalist Australia","Image","d8dff20e-a908-4728-bbf3-300c1a6574b3 | eb050854-0d9d-4985-9138-8227696bf699","",""
"671a91bd-f52c-4815-a75d-b0c8b3b655be","Petroica (Petroica) boodang","https://biodiversity.org.au/afd/taxa/a3e5376b-f9e6-4bdf-adae-1e7add9f5c29","-35.088212","138.666751","2024-04-26T07:43:00Z","PRESENT","iNaturalist Australia","Image","7b671fe5-2504-4534-9ffd-1b595e5bb47d","",""
"67489108-50d2-4f1a-b49b-8aa6452ac0b0","Petroica (Petroica) boodang","https://biodiversity.org.au/afd/taxa/a3e5376b-f9e6-4bdf-adae-1e7add9f5c29","-37.493364","144.356057","2024-04-13T22:28:00Z","PRESENT","iNaturalist Australia","Image","11721f67-70d2-4cb6-bf6c-5296fd68e675 | 7b8a9e02-1c26-4f33-b823-484442c195d2","",""
"68cc1666-74c5-49f5-9f65-be17ce99ffca","Petroica (Petroica) boodang","https://biodiversity.org.au/afd/taxa/a3e5376b-f9e6-4bdf-adae-1e7add9f5c29","-34.690269","138.823756","2024-03-27T00:20:00Z","PRESENT","iNaturalist Australia","Image","8153ab5f-67d5-4d61-8fd2-cc80396ec1ea","",""
"69f43ce2-beb9-430f-a674-3c99358ad007","Petroica (Petroica) boodang","https://biodiversity.org.au/afd/taxa/a3e5376b-f9e6-4bdf-adae-1e7add9f5c29","-34.692015","138.826933","2024-01-19T23:55:00Z","PRESENT","iNaturalist Australia","Image","505f89f4-2ebe-4ab2-9c46-c608ee2c3fcc","",""
"6a1a6a5c-52d2-4f69-9efa-1a8a47c1a210","Petroica (Petroica) boodang","https://biodiversity.org.au/afd/taxa/a3e5376b-f9e6-4bdf-adae-1e7add9f5c29","-38.48188","143.915589","2024-03-17T01:59:00Z","PRESENT","iNaturalist Australia","Sound","","","518aff4d-6639-4795-bd12-5ab2122acd92"
"6b89d022-62d3-4cba-b361-dc4aba1171a6","Petroica (Petroica) boodang","https://biodiversity.org.au/afd/taxa/a3e5376b-f9e6-4bdf-adae-1e7add9f5c29","-34.689878","117.926134","2024-01-27T03:04:29Z","PRESENT","iNaturalist Australia","Image","29c63a33-540d-42c7-a62e-0626d3f92d14 | 789f55d3-5435-43fe-92f2-ff941bc7a8b8","",""
"6b9dd4e3-506b-4c3e-b8d4-5d01fd7a2ed2","Petroica (Petroica) boodang","https://biodiversity.org.au/afd/taxa/a3e5376b-f9e6-4bdf-adae-1e7add9f5c29","-35.029701","138.705732","2024-03-24T00:25:22Z","PRESENT","iNaturalist Australia","Image","04c99968-4664-4ad3-983b-ed36a0f94c32 | 4101ef29-0810-4076-9463-cebf1b2b6730","",""
"6cfb5311-ddd5-4247-8a56-5c26f175cbf8","Petroica (Petroica) boodang","https://biodiversity.org.au/afd/taxa/a3e5376b-f9e6-4bdf-adae-1e7add9f5c29","-35.776527","149.314222","2024-04-10T06:03:00Z","PRESENT","NatureMapr","Image","1b3b7310-57fe-4b8a-aa87-6c71d97c4162 | 612a47e6-dac8-4049-abb9-612004bec63f | 95f08629-4f92-42a4-8758-64f5576cd727","",""
"6ee6e4f6-9fde-4071-9b44-881f99c8445a","Petroica (Petroica) boodang","https://biodiversity.org.au/afd/taxa/a3e5376b-f9e6-4bdf-adae-1e7add9f5c29","-37.607137","143.880767","2024-04-25T06:38:04Z","PRESENT","iNaturalist Australia","Image","4ca3c250-ecb2-4c65-882d-3624b6b94a4c","",""
"6f5b320c-6632-4ece-a2f9-509e249ed004","Petroica (Petroica) boodang","https://biodiversity.org.au/afd/taxa/a3e5376b-f9e6-4bdf-adae-1e7add9f5c29","-36.665201","149.844729","2024-04-09T22:56:00Z","PRESENT","iNaturalist Australia","Image","46bc3b42-4b97-4fd2-85e1-a40ff6d01059","",""
"701cfde7-13aa-444a-b832-11b258d1a316","Petroica (Petroica) boodang","https://biodiversity.org.au/afd/taxa/a3e5376b-f9e6-4bdf-adae-1e7add9f5c29","-41.266888","148.291487","2024-03-27T03:13:00Z","PRESENT","iNaturalist Australia","Image","9003af94-307a-4fbb-b739-9f31667b7fc4 | ff8abc0c-86ea-4a39-a704-3ecdbb8a5325","",""
"737edc9c-4d47-4b92-be0b-91b2878b66b8","Petroica (Petroica) boodang","https://biodiversity.org.au/afd/taxa/a3e5376b-f9e6-4bdf-adae-1e7add9f5c29","-36.774186","144.325545","2024-04-27T01:09:00Z","PRESENT","NatureMapr","Image","0209642a-39c2-49e2-9fcd-91d8fee717b6","",""
"740713e2-e162-4ab3-a788-8f191ec59766","Petroica (Petroica) boodang","https://biodiversity.org.au/afd/taxa/a3e5376b-f9e6-4bdf-adae-1e7add9f5c29","-34.343755","116.379162","2024-01-26T02:14:00Z","PRESENT","iNaturalist Australia","Image","473a87a8-9ea9-4625-af7f-0221edddea55 | 53c0dd81-0851-4273-bdcd-e6f773a19891 | 852fb6c6-7fe8-4e58-b08d-b43e5416cb21","",""
"74b6ca8e-381f-4c23-a3ed-ae818622094e","Petroica (Petroica) boodang","https://biodiversity.org.au/afd/taxa/a3e5376b-f9e6-4bdf-adae-1e7add9f5c29","-35.299705","149.00932","2024-03-30T00:01:00Z","PRESENT","iNaturalist Australia","Image","1ed15072-ba8b-4319-9f42-8e7f9616d45a","",""
"758c30a1-3762-4ec3-b664-6dc213d99e75","Petroica (Petroica) boodang","https://biodiversity.org.au/afd/taxa/a3e5376b-f9e6-4bdf-adae-1e7add9f5c29","-33.115699","116.284434","2024-03-09T02:51:00Z","PRESENT","iNaturalist Australia","Image","776bc5ba-e290-4888-9c2d-a70ec3c2a2f3","",""
"76982bd9-d0db-4f1e-852c-7a75725b5d88","Petroica (Petroica) boodang","https://biodiversity.org.au/afd/taxa/a3e5376b-f9e6-4bdf-adae-1e7add9f5c29","-36.312205","148.781025","2024-04-03T23:54:00Z","PRESENT","iNaturalist Australia","Image","482cd4b2-55a1-420e-a0f3-696ba62538a1 | d4aed3c1-61b8-4d0f-afbb-05590d53246c","",""
"787d9017-05ca-477a-906b-16edb903dea2","Petroica (Petroica) boodang","https://biodiversity.org.au/afd/taxa/a3e5376b-f9e6-4bdf-adae-1e7add9f5c29","-38.399128","144.881942","2024-04-11T21:41:57Z","PRESENT","iNaturalist Australia","Image","05bf5c7f-6584-4c92-bdc7-9d185688ab64 | b33e2ac0-ae5d-4df9-8985-82ff594022ee | d609438f-da92-4f23-ac3f-5ee6cb243d3a","",""
"793a29d9-7383-4cf8-90af-b9fdc51bd8af","Petroica (Petroica) boodang","https://biodiversity.org.au/afd/taxa/a3e5376b-f9e6-4bdf-adae-1e7add9f5c29","-28.83144","151.945813","2024-04-13T03:32:00Z","PRESENT","iNaturalist Australia","Image","23a60580-7c50-49e0-b03b-b333ce4720da | c6749960-0273-4f3b-ae42-fbad45fbfe5a | d84ba06d-c9ef-490d-a031-38894656d410","",""
"7a59e838-a8bc-4e1b-a4ad-ca7d41d7b188","Petroica (Petroica) boodang","https://biodiversity.org.au/afd/taxa/a3e5376b-f9e6-4bdf-adae-1e7add9f5c29","-34.692015","138.826933","2024-03-23T23:31:00Z","PRESENT","iNaturalist Australia","Image","d27608e2-af9f-4aa3-a94c-08c6e0a1864a","",""
"7a8d669c-feb2-4090-8b38-ee162f2d29b1","Petroica (Petroica) boodang","https://biodiversity.org.au/afd/taxa/a3e5376b-f9e6-4bdf-adae-1e7add9f5c29","-42.677245","146.712948","2024-03-20T02:34:00Z","PRESENT","iNaturalist Australia","Image","1b3a1e13-c269-479a-a90e-9389588a0c99 | 46817310-6e30-460f-bf6c-2242b2f5d807 | 663c79d9-aa1d-4afb-8b8f-3ff01c72b806","",""
"7adfc14e-8838-4246-853e-ef3d04fd7cc0","Petroica (Petroica) boodang","https://biodiversity.org.au/afd/taxa/a3e5376b-f9e6-4bdf-adae-1e7add9f5c29","-38.549208","146.399338","2024-04-01T02:26:16Z","PRESENT","iNaturalist Australia","Image","51d61cc0-1725-4780-95c2-4b8be02868ad | 62b1285f-23a6-450e-af47-e75cc174798b | 722f4a9a-d3e6-4fb0-b65f-1c780dc0bf81 | 938efc5d-8db4-4a35-bc5f-e7fdef36bdae","",""
"7bb28063-cc1f-469c-ac5f-5b53df0fbfd3","Petroica (Petroica) boodang","https://biodiversity.org.au/afd/taxa/a3e5376b-f9e6-4bdf-adae-1e7add9f5c29","-35.378063","149.038246","2024-03-27T01:02:00Z","PRESENT","iNaturalist Australia","Image | Sound","03667a7a-feab-48bd-8537-85c0e56d9a6b | a4df55f6-fe46-451f-b3cc-73c264e09909 | bc5f4861-0204-4683-9639-464b9c1a29dc | f002ced3-88e0-49f5-bce7-1e42605d228a","","03667a7a-feab-48bd-8537-85c0e56d9a6b | a4df55f6-fe46-451f-b3cc-73c264e09909 | bc5f4861-0204-4683-9639-464b9c1a29dc | f002ced3-88e0-49f5-bce7-1e42605d228a"
"7bbdaf7e-0d59-42e5-ace1-d7d585aa3659","Petroica (Petroica) boodang","https://biodiversity.org.au/afd/taxa/a3e5376b-f9e6-4bdf-adae-1e7add9f5c29","-34.58259","139.011757","2024-02-24T22:41:00Z","PRESENT","iNaturalist Australia","Image","93e93ed2-06a6-4daa-81c9-316918a3fe72","",""
"7ca176f7-47be-4023-b70d-fb5e68546a9f","Petroica (Petroica) boodang","https://biodiversity.org.au/afd/taxa/a3e5376b-f9e6-4bdf-adae-1e7add9f5c29","-34.823248","116.980795","2024-03-29T05:00:00Z","PRESENT","iNaturalist Australia","Image","7f26c5c4-a5ce-4266-8a32-c11cbfb3cd88","",""
"7ca77fa2-7b57-41a6-aa96-1600cdabbb80","Petroica (Petroica) boodang","https://biodiversity.org.au/afd/taxa/a3e5376b-f9e6-4bdf-adae-1e7add9f5c29","-37.909238","146.005398","2024-03-21T22:05:00Z","PRESENT","iNaturalist Australia","Image","ef775010-4570-44e0-8caf-1cb3d012fce5","",""
"7cd093da-5ee2-4164-a989-a23e07aaa893","Petroica (Petroica) boodang","https://biodiversity.org.au/afd/taxa/a3e5376b-f9e6-4bdf-adae-1e7add9f5c29","-35.412119","138.432264","2024-03-22T05:06:00Z","PRESENT","iNaturalist Australia","Image","acae0cb6-2d26-47fa-91e8-3e5eb8a96277","",""
"7e9289cc-b330-4ea6-a87f-1b6b0b5de282","Petroica (Petroica) boodang","https://biodiversity.org.au/afd/taxa/a3e5376b-f9e6-4bdf-adae-1e7add9f5c29","-34.777119","117.694119","2024-01-30T23:46:00Z","PRESENT","iNaturalist Australia","Image","2b6b6f69-9a0c-4995-a790-f1880a89fe86 | 7e497048-1640-4b33-bc35-cccbbbceb812 | d8a50b4e-6cb4-40d5-a1cb-df784c563655 | eb3546d3-1b06-4f85-95e9-cdb357c70aa9","",""
"7fd69887-354c-4390-87a6-874977faf99b","Petroica (Petroica) boodang","https://biodiversity.org.au/afd/taxa/a3e5376b-f9e6-4bdf-adae-1e7add9f5c29","-35.026553","138.68135","2024-03-03T08:25:46Z","PRESENT","iNaturalist Australia","Image","27e9027e-fe56-406c-98b8-79b719b24eb4 | 4eccca9f-3ea6-4e6f-8aa6-c0b3e0784e4c | 4ffd88b6-96a7-43ad-9500-3bcd011603f4 | b271564d-e752-4f1d-8f9c-1935f7d72ccb","",""
"806a01fd-1c8f-4ecc-ad2b-9bd3bb163e59","Petroica (Petroica) boodang","https://biodiversity.org.au/afd/taxa/a3e5376b-f9e6-4bdf-adae-1e7add9f5c29","-42.077891","148.212446","2024-03-15T01:10:00Z","PRESENT","iNaturalist Australia","Image","26ac5b7e-06e7-4d92-81b0-7af09bf0809c | 83ad74be-1b64-416d-bce5-baf904142cc2 | f33311e6-cfc8-4c83-814a-af006b4a89bf","",""
"81013370-3093-4827-b2e9-14be92ab9599","Petroica (Petroica) boodang","https://biodiversity.org.au/afd/taxa/a3e5376b-f9e6-4bdf-adae-1e7add9f5c29","-36.07928","139.756575","2024-02-26T20:58:00Z","PRESENT","iNaturalist Australia","Image","3c7c3a73-fe6f-4d59-9ea8-65cd5a81b318 | 9664ae12-f01f-44e3-80af-e5c283a17cc5","",""
"8136455e-b029-4ad7-9cea-4aed1b09c5f7","Petroica (Petroica) boodang","https://biodiversity.org.au/afd/taxa/a3e5376b-f9e6-4bdf-adae-1e7add9f5c29","-37.120174","142.389917","2024-04-07T04:35:49Z","PRESENT","iNaturalist Australia","Sound","","","531bdddf-9b55-4a19-aff7-f6bcc5253c6b"
"813c14b0-b443-4598-b96b-a68501b1e867","Petroica (Petroica) boodang","https://biodiversity.org.au/afd/taxa/a3e5376b-f9e6-4bdf-adae-1e7add9f5c29","-32.023204","116.098047","2024-03-13T08:51:07Z","PRESENT","iNaturalist Australia","Image","41679ea0-5cd4-45ea-a991-daefd18b0c23 | 95611aa9-0201-4bc9-a68b-40120410f48d","",""
"81788f69-e152-4c1d-856f-719eddfa7f37","Petroica (Petroica) boodang","https://biodiversity.org.au/afd/taxa/a3e5376b-f9e6-4bdf-adae-1e7add9f5c29","-34.990561","138.716757","2024-03-22T03:37:00Z","PRESENT","iNaturalist Australia","Image","0f338e2f-2e98-4005-ab32-7206a26895c1 | a2330ba9-2398-4ad4-8442-c1c701b69da8 | eeeaa9e4-363a-4ea0-b7fc-05fd98f6d91b","",""
"82f025cc-715b-4e7c-b82c-1705151aec2d","Petroica (Petroica) boodang","https://biodiversity.org.au/afd/taxa/a3e5376b-f9e6-4bdf-adae-1e7add9f5c29","-42.907189","147.292538","2024-03-30T04:48:00Z","PRESENT","iNaturalist Australia","Image","10569218-4a33-436d-ac52-23645258c23e | 4502fe21-9146-42d4-9704-0069e95701b7 | 5104ef27-80b5-4f9f-b803-2f7af32ba1ae | 777e0528-f996-4a40-845b-384ef02790a2 | cde011ff-3391-4115-9eba-f8079269cac4","",""
"845cf7be-ab3a-4de4-831b-b880642bedc3","Petroica (Petroica) boodang","https://biodiversity.org.au/afd/taxa/a3e5376b-f9e6-4bdf-adae-1e7add9f5c29","-28.88806","152.00806","2024-03-16T04:07:00Z","PRESENT","iNaturalist Australia","Image","593e4c51-b1da-4608-9ab2-a3abe7e26246 | d02c3d84-eb89-468c-9cf3-a6864c04c813 | f1a39d8d-0abf-4242-b2ee-4ebec6fcf81e","",""
"84a6ca06-bae7-4ba3-9496-62d1e8abf0c7","Petroica (Petroica) boodang","https://biodiversity.org.au/afd/taxa/a3e5376b-f9e6-4bdf-adae-1e7add9f5c29","-34.77443","117.701426","2024-03-24T06:44:00Z","PRESENT","iNaturalist Australia","Image","de9cef76-873c-4a7f-9b96-a9f2ecd9b50e | e34be693-3bb0-4ce6-b830-88c1aadfe04d","",""
"8610bce7-e7a4-443f-a212-cd3a2f8e6c0d","Petroica (Petroica) boodang","https://biodiversity.org.au/afd/taxa/a3e5376b-f9e6-4bdf-adae-1e7add9f5c29","-35.359135","149.138565","2024-03-22T21:10:00Z","PRESENT","iNaturalist Australia","Image","e2b9a403-7e12-43aa-b5a4-e4cc61eebfea","",""
"865f3167-f659-4e5b-91ff-9ac90dc327bc","Petroica (Petroica) boodang","https://biodiversity.org.au/afd/taxa/a3e5376b-f9e6-4bdf-adae-1e7add9f5c29","-37.259139","147.673115","2024-02-14T21:54:18Z","PRESENT","iNaturalist Australia","Image","9222d423-3565-47ad-9b1d-9c9b762e36b3 | f91538be-7e82-4377-a384-df35173d98c5","",""
"8688068a-d48a-4d1e-a118-8554f4d41a62","Petroica (Petroica) boodang","https://biodiversity.org.au/afd/taxa/a3e5376b-f9e6-4bdf-adae-1e7add9f5c29","-33.881558","115.281433","2024-04-10T09:15:55Z","PRESENT","iNaturalist Australia","Image","439d7dbb-4f1d-4519-b3ba-48143df14e2a","",""
"868a2a9c-e487-4f5b-9ce4-cb91a1dd4a74","Petroica (Petroica) boodang","https://biodiversity.org.au/afd/taxa/a3e5376b-f9e6-4bdf-adae-1e7add9f5c29","-34.77443","117.701426","2024-02-19T08:46:00Z","PRESENT","iNaturalist Australia","Image","0aa26c6e-8669-42a2-a68e-444f286e46f6 | 175c3110-3b66-4171-9c8b-7027acd79f38","",""
"879db5ac-da83-40fc-89ca-0c0665b25d2e","Petroica (Petroica) boodang","https://biodiversity.org.au/afd/taxa/a3e5376b-f9e6-4bdf-adae-1e7add9f5c29","-42.651358","148.048736","2024-03-24T00:54:17Z","PRESENT","iNaturalist Australia","Image","2e30231e-bcea-4021-a21a-8d99bb0a1343","",""
"87ffaad4-80e5-49b4-b014-d75b2974c995","Petroica (Petroica) boodang","https://biodiversity.org.au/afd/taxa/a3e5376b-f9e6-4bdf-adae-1e7add9f5c29","-43.433802","146.979533","2024-03-04T21:58:00Z","PRESENT","iNaturalist Australia","Image","a71ce478-3eb3-4521-81c5-ce2464653576","",""
"88a56ff3-47a2-4771-abb0-45d305a933c9","Petroica (Petroica) boodang","https://biodiversity.org.au/afd/taxa/a3e5376b-f9e6-4bdf-adae-1e7add9f5c29","-34.692015","138.826933","2024-03-29T22:51:00Z","PRESENT","iNaturalist Australia","Image","0f390a33-cf97-439c-97b9-39f776df1d20","",""
"898a8fe4-5711-4818-9d9b-25530112e66d","Petroica (Petroica) boodang","https://biodiversity.org.au/afd/taxa/a3e5376b-f9e6-4bdf-adae-1e7add9f5c29","-38.383394","144.172394","2024-03-24T00:57:00Z","PRESENT","iNaturalist Australia","Image","9286c32b-7a5b-4ba3-9390-cc9d7c29e8a4","",""
"8c763d84-c6a6-45dc-8b7f-5a6949b9468c","Petroica (Petroica) boodang","https://biodiversity.org.au/afd/taxa/a3e5376b-f9e6-4bdf-adae-1e7add9f5c29","-34.692015","138.826933","2024-04-27T01:39:00Z","PRESENT","iNaturalist Australia","Image","1dfa67c3-67c9-40f1-ab3b-0c36f7d80300","",""
"8c9daf62-181e-41fa-aa36-abee6a5dfb46","Petroica (Petroica) boodang","https://biodiversity.org.au/afd/taxa/a3e5376b-f9e6-4bdf-adae-1e7add9f5c29","-28.876181","151.967689","2024-03-15T22:52:00Z","PRESENT","iNaturalist Australia","Image","d10447b9-91c7-445b-9668-3a2b693dbc2b | ea03b296-1b1b-4af5-af8e-c1641a23e14c","",""
"8e66cd8d-0da7-4804-a405-384baaf26bd6","Petroica (Petroica) boodang boodang","https://biodiversity.org.au/afd/taxa/53a066e6-a857-421a-aea6-8e38dc256717","-35.152394","138.73942","2024-04-28T00:16:00Z","PRESENT","iNaturalist Australia","Image","ce6c0427-c2d8-4e42-9c21-e193f6f18156","",""
"8e915823-7f58-41d3-9ad1-445d9d91b7b5","Petroica (Petroica) boodang","https://biodiversity.org.au/afd/taxa/a3e5376b-f9e6-4bdf-adae-1e7add9f5c29","-35.259303","149.050322","2024-03-17T23:17:00Z","PRESENT","NatureMapr","Image","15368927-cb4b-42ea-9283-7ac0d8ebfc5b | 36f7a927-4afd-4785-8a44-2c56089909ed | 80db6b6f-896f-4c95-a837-af99d82db66e | fb56a763-2f0c-4e54-aec2-ef55375f9285","",""
"8eeaf55e-abc8-4900-af01-936d3bed1b5b","Petroica (Petroica) boodang","https://biodiversity.org.au/afd/taxa/a3e5376b-f9e6-4bdf-adae-1e7add9f5c29","-34.967831","138.699806","2024-03-21T23:03:24Z","PRESENT","iNaturalist Australia","Image","39c3f84c-b87a-4167-aff4-2eae74965529 | 83cf8221-c13a-44c3-a3fd-3a4122f0de1b | b6d127e8-d5e2-4a19-94df-c556f8fb6a5f","",""
"8f4092b0-e7d5-4884-813b-4b7ada0b95d3","Petroica (Petroica) boodang","https://biodiversity.org.au/afd/taxa/a3e5376b-f9e6-4bdf-adae-1e7add9f5c29","-34.692015","138.826933","2024-02-02T22:02:00Z","PRESENT","iNaturalist Australia","Image","2a4b2cf9-121c-45ce-ac0c-b9c42dfd1a17","",""
"8fafe5da-787e-43f3-ab5f-fee1d337d2b7","Petroica (Petroica) boodang","https://biodiversity.org.au/afd/taxa/a3e5376b-f9e6-4bdf-adae-1e7add9f5c29","-34.943773","149.365558","2024-05-03T03:36:50Z","PRESENT","iNaturalist Australia","Image","339e17c7-de3e-468b-abb0-c67009d1da51","",""
"9064b6a5-2cac-4b61-a098-bab48f928aee","Petroica (Petroica) boodang","https://biodiversity.org.au/afd/taxa/a3e5376b-f9e6-4bdf-adae-1e7add9f5c29","-35.299462","149.009351","2024-03-30T01:04:00Z","PRESENT","iNaturalist Australia","Image","d5a819e4-7f26-4150-804d-8a10f8fa16fc | ebedf5ea-fdac-4796-bff2-5e8e39eca0e6","",""
"9235c3bd-8703-41c6-b5ac-8368fa4cb16c","Petroica (Petroica) boodang","https://biodiversity.org.au/afd/taxa/a3e5376b-f9e6-4bdf-adae-1e7add9f5c29","-30.531758","152.033442","2024-04-18T00:50:40Z","PRESENT","iNaturalist Australia","Image","82f9b7f5-44a8-429e-bd37-4ffaf6bcd6d8 | b9ba703e-229f-451b-8a18-b47832adc553","",""
"926ab9c6-68fb-4f96-8481-558f0453840e","Petroica (Petroica) boodang","https://biodiversity.org.au/afd/taxa/a3e5376b-f9e6-4bdf-adae-1e7add9f5c29","-35.836419","148.214156","2024-04-01T04:03:00Z","PRESENT","iNaturalist Australia","Image","26b0c343-76e2-4c69-91fe-b1202dc8b72a","",""
"92f868ab-cfdb-47ef-8ad8-f98ffef0cc34","Petroica (Petroica) boodang campbelli","https://biodiversity.org.au/afd/taxa/e6a32f6c-3076-4410-9982-a6336758e31f","-32.099069","116.527944","2024-04-26T00:30:00Z","PRESENT","iNaturalist Australia","Image","4f7f3a58-5b5b-44a1-a6e7-c0c01475c4ef | 5befd3c6-eb14-46c6-9da6-0f9a881429ab","",""
"93efbd1a-28c8-4102-92bc-89d3a533edb8","Petroica (Petroica) boodang","https://biodiversity.org.au/afd/taxa/a3e5376b-f9e6-4bdf-adae-1e7add9f5c29","-35.721962","149.14559","2024-05-02T02:00:00Z","PRESENT","iNaturalist Australia","Image","dc15d698-a7b7-479b-9fcd-e9df1257d051","",""
"9496fb62-3410-4cce-a17b-3fc425b81da2","Petroica (Petroica) boodang","https://biodiversity.org.au/afd/taxa/a3e5376b-f9e6-4bdf-adae-1e7add9f5c29","-43.351072","147.366975","2024-05-03T01:20:00Z","PRESENT","iNaturalist Australia","Image","f015b0e0-d1ec-4970-8512-5ce93a1f15d8","",""
"94a50762-5622-4907-91e4-ecae9d35cc14","Petroica (Petroica) boodang","https://biodiversity.org.au/afd/taxa/a3e5376b-f9e6-4bdf-adae-1e7add9f5c29","-37.909074","146.006334","2024-03-21T20:47:00Z","PRESENT","iNaturalist Australia","Sound","","","c77525a5-0aa2-475b-84d0-e93e0635bc49"
"94f0f316-011c-40df-9817-9e39abe2ecf7","Petroica (Petroica) boodang","https://biodiversity.org.au/afd/taxa/a3e5376b-f9e6-4bdf-adae-1e7add9f5c29","-35.299326","149.009758","2024-03-30T00:05:00Z","PRESENT","iNaturalist Australia","Image","7633742c-5cc4-4f32-a63d-1dcb9df7dc5a","",""
"962a03af-3c32-43fc-abe1-ccb90e4b8e3c","Petroica (Petroica) boodang","https://biodiversity.org.au/afd/taxa/a3e5376b-f9e6-4bdf-adae-1e7add9f5c29","-41.340271","146.84137","2024-04-10T06:44:00Z","PRESENT","iNaturalist Australia","Image","00ad8a8b-824c-4d14-9529-1ff3530db91c","",""
"977118e3-4b18-4ca0-80f4-cdd863503b88","Petroica (Petroica) boodang","https://biodiversity.org.au/afd/taxa/a3e5376b-f9e6-4bdf-adae-1e7add9f5c29","-37.716478","145.05545","2024-04-26T03:35:42Z","PRESENT","iNaturalist Australia","Image","d7e55d04-d619-4272-a75c-b142391618de","",""
"97a637b8-9b39-4b86-a9ad-afc296637f85","Petroica (Petroica) boodang","https://biodiversity.org.au/afd/taxa/a3e5376b-f9e6-4bdf-adae-1e7add9f5c29","-34.692015","138.826933","2024-03-30T00:44:00Z","PRESENT","iNaturalist Australia","Image","edff8676-5752-4d41-8bdd-8ba14e07035e","",""
"99bd9bbd-c40b-40b2-bac9-0066c9d2cfad","Petroica (Petroica) boodang","https://biodiversity.org.au/afd/taxa/a3e5376b-f9e6-4bdf-adae-1e7add9f5c29","-37.720394","148.422706","2024-04-26T00:48:00Z","PRESENT","iNaturalist Australia","Image","94b397df-9990-4b5e-9993-5a3d3f074e30","",""
"99cdec50-54ff-4c47-acff-5300711402dd","Petroica (Petroica) boodang","https://biodiversity.org.au/afd/taxa/a3e5376b-f9e6-4bdf-adae-1e7add9f5c29","-37.058848","139.900533","2024-04-12T01:30:00Z","PRESENT","iNaturalist Australia","Image","3daf956f-522d-4cd9-b3a9-9e991a5b8b27","",""
"99f75b28-f9be-4eba-81d4-92ed2b12c4d8","Petroica (Petroica) boodang","https://biodiversity.org.au/afd/taxa/a3e5376b-f9e6-4bdf-adae-1e7add9f5c29","-34.806805","116.821533","2024-04-07T02:58:00Z","PRESENT","iNaturalist Australia","Image","3d224ddb-2d97-4147-a088-5510540d23da | 5375c4ca-56cd-43cd-9454-9caf013c3a6c | a29821d4-7af6-419e-a410-1442252075fe | ca910101-f85c-46a8-afc7-26df724ac5dd","",""
"9dfe5f10-a751-46fc-b6ac-f31fe046945c","Petroica (Petroica) boodang","https://biodiversity.org.au/afd/taxa/a3e5376b-f9e6-4bdf-adae-1e7add9f5c29","-35.35734","149.032216","2024-03-22T20:16:00Z","PRESENT","NatureMapr","Image","fe6cd00a-502e-4dd0-95a5-f43e4f968d4d","",""
"9f15cd9a-2a24-4c42-a7a6-525c68a1fb2d","Petroica (Petroica) boodang","https://biodiversity.org.au/afd/taxa/a3e5376b-f9e6-4bdf-adae-1e7add9f5c29","-37.909332","146.005253","2024-03-20T21:45:00Z","PRESENT","iNaturalist Australia","Image","6668895a-3c5c-4b4b-a64c-24633d16f5bf","",""
"9fc94e39-0623-44fe-9b5a-4ce9e39baf19","Petroica (Petroica) boodang","https://biodiversity.org.au/afd/taxa/a3e5376b-f9e6-4bdf-adae-1e7add9f5c29","-35.314281","149.162417","2024-03-21T05:35:00Z","PRESENT","iNaturalist Australia","Image","0d95b606-d857-4fb9-be49-1199900b663a","",""
"a0c339e3-ed73-4db2-ad7c-a068cf1c66c2","Petroica (Petroica) boodang","https://biodiversity.org.au/afd/taxa/a3e5376b-f9e6-4bdf-adae-1e7add9f5c29","-35.425188","149.574993","2024-03-23T04:45:00Z","PRESENT","iNaturalist Australia","Image","10005f16-8f5f-4595-9339-36585e4f30e5 | 159cd2e9-d2b1-4a7e-b5a6-47c0e91881f4 | e5912f05-06d1-4690-8379-4bb2eabeb8d4","",""
"a30907e0-56b0-4e4e-ad27-653999888579","Petroica (Petroica) boodang","https://biodiversity.org.au/afd/taxa/a3e5376b-f9e6-4bdf-adae-1e7add9f5c29","-34.898763","138.721457","2024-04-15T05:48:00Z","PRESENT","iNaturalist Australia","Image","d32b1c49-d421-4e0c-b830-f1b75be93339","",""
"a3b4a106-0ed7-4e0a-95e7-6536d99ae42c","Petroica (Petroica) boodang","https://biodiversity.org.au/afd/taxa/a3e5376b-f9e6-4bdf-adae-1e7add9f5c29","-37.632455","145.109009","2024-04-13T01:35:00Z","PRESENT","iNaturalist Australia","Image","234792d3-02d8-47c8-8388-6b2a477caecd | ac8759c2-4b51-40fe-b243-35f347170da6","",""
"a40d90fe-a81f-4142-99ca-fe0728fe3cc8","Petroica (Petroica) boodang","https://biodiversity.org.au/afd/taxa/a3e5376b-f9e6-4bdf-adae-1e7add9f5c29","-34.280166","116.249226","2024-02-02T00:44:35Z","PRESENT","iNaturalist Australia","Image","ceba09ab-3cb7-433f-8fbc-7c99b13ca837","",""
"a4da44c7-2418-46af-be6b-5f7bc458d217","Petroica (Petroica) boodang","https://biodiversity.org.au/afd/taxa/a3e5376b-f9e6-4bdf-adae-1e7add9f5c29","-38.138226","146.495302","2024-03-21T02:14:00Z","PRESENT","iNaturalist Australia","Image","864c4544-fadb-48a3-abc3-88f80cc293ae","",""
"a5aa8ba6-07d1-4224-9f3c-fca3401f4dc0","Petroica (Petroica) boodang","https://biodiversity.org.au/afd/taxa/a3e5376b-f9e6-4bdf-adae-1e7add9f5c29","-37.05477","139.895277","2024-04-12T00:52:00Z","PRESENT","iNaturalist Australia","Image","19226463-ce21-4da5-8c56-b6d7a7180c14","",""
"a70b3ad8-eb45-400d-836d-8a2645c96616","Petroica (Petroica) boodang","https://biodiversity.org.au/afd/taxa/a3e5376b-f9e6-4bdf-adae-1e7add9f5c29","-37.909065","146.006334","2024-03-23T20:40:00Z","PRESENT","iNaturalist Australia","Sound","","","66d6b931-3deb-43c8-8124-8046c56e2b0b"
"a732a7a8-4492-419c-b4e8-42af0fa8f395","Petroica (Petroica) boodang","https://biodiversity.org.au/afd/taxa/a3e5376b-f9e6-4bdf-adae-1e7add9f5c29","-35.167954","149.063475","2024-04-13T04:10:00Z","PRESENT","NatureMapr","Image","8c5d683e-ee4c-4956-97c0-973be43e2d7b","",""
"a768c5a0-81a6-4529-8787-37027adfc1cb","Petroica (Petroica) boodang","https://biodiversity.org.au/afd/taxa/a3e5376b-f9e6-4bdf-adae-1e7add9f5c29","-35.720885","148.487958","2024-03-22T00:12:00Z","PRESENT","iNaturalist Australia","Image","036276c8-1a15-4611-a3d0-37568423ab10 | 0ac87666-836f-4c9e-a169-138cdc62579f | 6eafee90-7343-449a-b877-69396e927df5 | 79b1870c-4961-4d08-9dcc-9f4ad4999ed8","",""
"a80a1f28-f074-4279-98c3-d56f72a2db4c","Petroica (Petroica) boodang campbelli","https://biodiversity.org.au/afd/taxa/e6a32f6c-3076-4410-9982-a6336758e31f","-32.042314","116.067833","2024-01-23T00:35:00Z","PRESENT","iNaturalist Australia","Image","7cfee358-334e-4563-9e38-7c230639a537","",""
"a985d4a4-344d-44a5-a993-ebc8d9b3b451","Petroica (Petroica) boodang","https://biodiversity.org.au/afd/taxa/a3e5376b-f9e6-4bdf-adae-1e7add9f5c29","-42.685303","146.715775","2024-03-09T06:41:52Z","PRESENT","iNaturalist Australia","Image","b78e78f7-3fb2-42df-8204-0ce50cb826c0","",""
"aa881e2c-4623-4ae8-beca-c497a996ea16","Petroica (Petroica) boodang","https://biodiversity.org.au/afd/taxa/a3e5376b-f9e6-4bdf-adae-1e7add9f5c29","-37.620114","145.272344","2024-05-02T23:08:00Z","PRESENT","iNaturalist Australia","Image","88355493-07ea-4825-8748-84e573234860 | 9e2f7331-05e9-4495-88af-dfe78dea3252","",""
"abeef071-ad60-4830-8c1c-34ecc9fdb8ec","Petroica (Petroica) boodang","https://biodiversity.org.au/afd/taxa/a3e5376b-f9e6-4bdf-adae-1e7add9f5c29","-37.508037","144.547529","2024-02-01T05:46:00Z","PRESENT","iNaturalist Australia","Image","47697b6c-1a91-4ac5-b25c-4ad4efeb1bbf","",""
"ac97b0d8-69ed-4041-a655-55ee778b4e47","Petroica (Petroica) boodang","https://biodiversity.org.au/afd/taxa/a3e5376b-f9e6-4bdf-adae-1e7add9f5c29","-34.988277","138.713008","2024-01-07T05:49:00Z","PRESENT","iNaturalist Australia","Image","2ee718ef-8006-4b9f-a15e-7b02c1b5286a | 7828776b-7734-4c98-b05b-43d825b94403","",""
"ad10ae25-fb62-44fc-a916-ae182275e6a2","Petroica (Petroica) boodang","https://biodiversity.org.au/afd/taxa/a3e5376b-f9e6-4bdf-adae-1e7add9f5c29","-42.587938","148.081852","2024-01-24T21:40:00Z","PRESENT","iNaturalist Australia","Image","62ed3390-a02a-4bdb-a0d7-bf2e5d22b275","",""
"ad2432ca-83b0-4837-9ed7-6e486d65a680","Petroica (Petroica) boodang","https://biodiversity.org.au/afd/taxa/a3e5376b-f9e6-4bdf-adae-1e7add9f5c29","-42.972219","147.090213","2024-05-03T01:18:17Z","PRESENT","iNaturalist Australia","Image","d763cb78-1dab-4ed1-9ce1-9545bfb63979","",""
"ae49af48-54e9-4bb7-83d3-f3700be4fab2","Petroica (Petroica) boodang","https://biodiversity.org.au/afd/taxa/a3e5376b-f9e6-4bdf-adae-1e7add9f5c29","-37.674169","145.088494","2024-05-04T02:58:57Z","PRESENT","iNaturalist Australia","Image","6ff2fd37-3751-45fd-8859-a8ce9d71362f","",""
"ae5d11ee-c99b-4d52-9aba-2ed699210b4f","Petroica (Petroica) boodang","https://biodiversity.org.au/afd/taxa/a3e5376b-f9e6-4bdf-adae-1e7add9f5c29","-36.8212","149.658583","2024-05-02T05:00:21Z","PRESENT","iNaturalist Australia","Image","2b1145ce-6533-43e3-b6bd-9abbc70a2ad1 | 4442dbfd-4ba0-46bc-b992-d79c3beec154 | b036a125-d175-4491-b921-8218bc0518f6 | f21bc4c9-805e-4661-9134-4e19b2aa4117","",""
"af0735de-d3f5-43f9-8d7d-801e5688cb58","Petroica (Petroica) boodang","https://biodiversity.org.au/afd/taxa/a3e5376b-f9e6-4bdf-adae-1e7add9f5c29","-42.077892","148.2125","2024-03-15T01:09:00Z","PRESENT","iNaturalist Australia","Image","312da3ac-1f93-44df-aae4-5ff982205195 | 355e30cb-a265-4fd9-ad6c-9923f39f2b7c | 52a8e86a-c15d-4153-bc60-aae612c3126a","",""
"af5dde57-a576-4a72-a46b-e11d5d7a56ac","Petroica (Petroica) boodang","https://biodiversity.org.au/afd/taxa/a3e5376b-f9e6-4bdf-adae-1e7add9f5c29","-32.289372","115.860543","2024-03-24T09:37:14Z","PRESENT","iNaturalist Australia","Image","07655603-5cff-44f8-baef-3f43a868c271 | 17b1c778-8b97-49cf-ab48-7318ccba1d5f | 4642beb8-0201-46f6-941d-be29fb069099","",""
"b045bf3d-9797-4ffc-b8d5-419c42055190","Petroica (Petroica) boodang","https://biodiversity.org.au/afd/taxa/a3e5376b-f9e6-4bdf-adae-1e7add9f5c29","-30.371521","151.578991","2024-03-22T02:19:00Z","PRESENT","iNaturalist Australia","Image","240f2246-8791-41d9-875c-09f88ee6e106","",""
"b22a0dbf-421d-4d16-8654-46c6f43002f2","Petroica (Petroica) boodang","https://biodiversity.org.au/afd/taxa/a3e5376b-f9e6-4bdf-adae-1e7add9f5c29","-37.515965","144.556104","2024-01-14T22:58:00Z","PRESENT","iNaturalist Australia","Image","1d8b6452-69ba-41bd-89a1-8b477a4e0dad","",""
"b2b87833-847c-4b7b-94fc-74f8a49076de","Petroica (Petroica) boodang","https://biodiversity.org.au/afd/taxa/a3e5376b-f9e6-4bdf-adae-1e7add9f5c29","-35.377607","149.037941","2024-03-27T01:57:00Z","PRESENT","iNaturalist Australia","Image","6dc0ce1f-9b9b-4cee-9027-76c4d2dce67c | c8182d8b-36be-4a11-8c50-1bac1a842ff1","",""
"b337c786-9054-490f-a880-51ae1cc28d95","Petroica (Petroica) boodang","https://biodiversity.org.au/afd/taxa/a3e5376b-f9e6-4bdf-adae-1e7add9f5c29","-34.667096","149.668321","2024-03-11T03:15:49Z","PRESENT","iNaturalist Australia","Image","7a04e04f-cb8b-407c-8014-b6b9a598d820","",""
"b49d3b71-57a6-4afa-a3b8-0a6dae7112ab","Petroica (Petroica) boodang","https://biodiversity.org.au/afd/taxa/a3e5376b-f9e6-4bdf-adae-1e7add9f5c29","-42.584573","148.05475","2024-02-25T00:54:00Z","PRESENT","iNaturalist Australia","Image","374ba392-1d52-46d4-96df-4d620e781e4a | 60515f6b-1704-4a51-acdb-80d421cea160 | aa5acf48-2b65-41dc-9423-ba66f9e9571f","",""
"b5639bc5-ec5a-45e1-8ed8-197c3ac91fb7","Petroica (Petroica) boodang","https://biodiversity.org.au/afd/taxa/a3e5376b-f9e6-4bdf-adae-1e7add9f5c29","-37.456254","144.651666","2024-03-28T07:06:00Z","PRESENT","iNaturalist Australia","Image","9b7738fe-e7aa-4419-b2e0-09ceb07cd4f8","",""
"b5bf9aef-2fa7-4635-bc50-ba54644b2c96","Petroica (Petroica) boodang","https://biodiversity.org.au/afd/taxa/a3e5376b-f9e6-4bdf-adae-1e7add9f5c29","-34.974148","138.70954","2024-03-14T05:58:35Z","PRESENT","iNaturalist Australia","Image","5667e880-ea2f-4cd0-8432-7e7e309fdc03 | 93af13a4-b88c-4fe0-89e0-f1d82fe0aa12 | 9fe9561e-7da8-4df9-8511-e62ef24facbe | d86c3868-d67e-44e5-954a-4d4057958a35 | ddc8cbe5-1ffa-4462-ae77-37ffea3fc998","",""
"b650377e-6d21-45a6-83d9-33d3dc6923c3","Petroica (Petroica) boodang","https://biodiversity.org.au/afd/taxa/a3e5376b-f9e6-4bdf-adae-1e7add9f5c29","-37.761059","144.316479","2024-04-27T03:54:04Z","PRESENT","iNaturalist Australia","Image","8c4d64d5-6b18-4412-a391-386d2629165a","",""
"b67c53bf-3882-484e-90e3-349dce79e16f","Petroica (Petroica) boodang","https://biodiversity.org.au/afd/taxa/a3e5376b-f9e6-4bdf-adae-1e7add9f5c29","-34.988277","138.713008","2024-01-07T05:47:00Z","PRESENT","iNaturalist Australia","Image","4740f30e-b1de-409e-82b8-6a32a9be2ad8 | 9382bab1-ad42-4821-8a6e-3d8672ef6fac","",""
"b69fb0e3-33ea-4ed5-ad27-1d52891b470b","Petroica (Petroica) boodang","https://biodiversity.org.au/afd/taxa/a3e5376b-f9e6-4bdf-adae-1e7add9f5c29","-35.167145","149.075342","2024-02-21T03:56:00Z","PRESENT","NatureMapr","Image","309f7a69-5a0c-493e-8b34-a22c985330aa | 36532aae-5314-45dd-8206-0a37e95d230a","",""
"b8f2bf34-7710-4b16-8807-a4b20697ec6f","Petroica (Petroica) boodang","https://biodiversity.org.au/afd/taxa/a3e5376b-f9e6-4bdf-adae-1e7add9f5c29","-37.045478","144.198258","2024-04-14T01:06:34Z","PRESENT","iNaturalist Australia","Image","47d03786-b4e6-4390-bf52-6c047d8e37ed | 961a484d-f86d-48de-8386-65edfde155ad","",""
"b91e01f2-52b1-48c0-a92a-a70815a156d5","Petroica (Petroica) boodang","https://biodiversity.org.au/afd/taxa/a3e5376b-f9e6-4bdf-adae-1e7add9f5c29","-37.75326","144.289883","2024-03-05T04:03:00Z","PRESENT","iNaturalist Australia","Image","a1b26d54-2af7-47e2-a01f-527e2452e10e","",""
"ba0796d4-a7a5-4eb1-b4de-c6a5061f5ecd","Petroica (Petroica) boodang","https://biodiversity.org.au/afd/taxa/a3e5376b-f9e6-4bdf-adae-1e7add9f5c29","-35.167655","149.062271","2024-03-28T22:56:00Z","PRESENT","NatureMapr","Image","5fda5bf9-08fb-430a-9440-601fa71dcef9","",""
"bb5c86ba-0ef3-4b5f-8ad2-59444cfab121","Petroica (Petroica) boodang","https://biodiversity.org.au/afd/taxa/a3e5376b-f9e6-4bdf-adae-1e7add9f5c29","-43.096062","146.728442","2024-05-04T02:15:00Z","PRESENT","iNaturalist Australia","Image","87d34a76-58d3-4766-985c-81439aac2f3d","",""
"bc46c960-8e75-4821-8838-49b08b07b1e9","Petroica (Petroica) boodang","https://biodiversity.org.au/afd/taxa/a3e5376b-f9e6-4bdf-adae-1e7add9f5c29","-32.737086","138.134746","2024-04-16T02:03:00Z","PRESENT","iNaturalist Australia","Image","2e8eb13f-dcc4-4748-a575-b2737cdbb46a","",""
"bca678f3-a636-4599-af23-820c4bc1916d","Petroica (Petroica) boodang","https://biodiversity.org.au/afd/taxa/a3e5376b-f9e6-4bdf-adae-1e7add9f5c29","-33.020005","138.110526","2024-04-05T01:18:20Z","PRESENT","iNaturalist Australia","Image","410db90f-bf6d-4d02-9573-6f5a10171957 | e7655bc0-7182-4709-8d71-63cabc5aaabc","",""
"bee1f10a-bc26-450c-aa89-c596abb5fe5e","Petroica (Petroica) boodang","https://biodiversity.org.au/afd/taxa/a3e5376b-f9e6-4bdf-adae-1e7add9f5c29","-34.280166","116.249226","2024-01-22T00:56:40Z","PRESENT","iNaturalist Australia","Image","79d7b7d5-3a13-4d84-a559-8c66ce387f96","",""
"bf0f7e4e-1468-44e6-a53b-b4f1a306ca51","Petroica (Petroica) boodang","https://biodiversity.org.au/afd/taxa/a3e5376b-f9e6-4bdf-adae-1e7add9f5c29","-34.692015","138.826933","2024-02-23T22:33:00Z","PRESENT","iNaturalist Australia","Image","94c1314e-d884-4e01-b8f2-08f073073f5c | fd84ce1f-dadf-46dc-afcf-5ecc34bb8ff3","",""
"c08a60e0-4865-4b2e-8973-47cc764cd34d","Petroica (Petroica) boodang","https://biodiversity.org.au/afd/taxa/a3e5376b-f9e6-4bdf-adae-1e7add9f5c29","-37.857466","144.125989","2024-04-28T03:13:00Z","PRESENT","iNaturalist Australia","Image","b7dbb37d-14e7-470b-b3a7-f7c2105814a6 | d18bba08-c98f-40f4-80a9-f83b05ab8176","",""
"c1ce5331-4dc8-4835-ba30-1ca2d4754269","Petroica (Petroica) boodang","https://biodiversity.org.au/afd/taxa/a3e5376b-f9e6-4bdf-adae-1e7add9f5c29","-34.692015","138.826933","2024-03-29T22:34:00Z","PRESENT","iNaturalist Australia","Image","f2d1d772-c51f-4b02-a69f-17cf7aa61d4b","",""
"c1e6ccfd-6041-40fa-b0cb-ba8f54cceccc","Petroica (Petroica) boodang","https://biodiversity.org.au/afd/taxa/a3e5376b-f9e6-4bdf-adae-1e7add9f5c29","-34.318816","118.188542","2024-04-22T06:31:00Z","PRESENT","iNaturalist Australia","Image","3d8eb754-6fbd-45af-be19-00a8e01e7789","",""
"c2beeb08-a19e-466c-a7eb-29d8fa37ed3a","Petroica (Petroica) boodang","https://biodiversity.org.au/afd/taxa/a3e5376b-f9e6-4bdf-adae-1e7add9f5c29","-33.504636","150.148571","2024-01-12T00:05:08Z","PRESENT","iNaturalist Australia","Image","1fed94dd-2f6f-44e8-90f3-1bbaf404c527","",""
"c4c1ed8a-9ece-4519-a159-6fb4222adcee","Petroica (Petroica) boodang","https://biodiversity.org.au/afd/taxa/a3e5376b-f9e6-4bdf-adae-1e7add9f5c29","-31.689029","115.755328","2024-01-26T10:46:00Z","PRESENT","iNaturalist Australia","Image","ebb60d93-2e95-434a-89b5-8079d57f6e08","",""
"c5844b5a-516b-4c24-ad37-18a53096e871","Petroica (Petroica) boodang","https://biodiversity.org.au/afd/taxa/a3e5376b-f9e6-4bdf-adae-1e7add9f5c29","-34.883481","148.886131","2024-04-22T22:55:00Z","PRESENT","NatureMapr","Image","07ecbb0d-55df-448c-a2fe-03b9549860cb | 563fbbb9-3eb9-4fb6-b324-4a4b65d214f1","",""
"c5d95f26-e6a5-44b6-95e6-2f3cf5664b92","Petroica (Petroica) boodang","https://biodiversity.org.au/afd/taxa/a3e5376b-f9e6-4bdf-adae-1e7add9f5c29","-34.755933","138.981236","2024-03-25T01:42:21Z","PRESENT","iNaturalist Australia","Image","74af018c-16d9-48ed-ad4d-da7a1e10f79a | df765652-9cc0-4029-b942-93b5574003d0","",""
"c60ee046-1a38-4e36-8e10-4c5dfe050d59","Petroica (Petroica) boodang","https://biodiversity.org.au/afd/taxa/a3e5376b-f9e6-4bdf-adae-1e7add9f5c29","-37.940911","144.427989","2024-04-21T04:48:00Z","PRESENT","iNaturalist Australia","Image","5ddc5a00-2b04-4681-89a5-5ad46284ff72 | f3d58c6a-2256-4477-b0f0-b41d34013fd1","",""
"c8e9700f-2040-4a05-80ec-c7ed777068e4","Petroica (Petroica) boodang","https://biodiversity.org.au/afd/taxa/a3e5376b-f9e6-4bdf-adae-1e7add9f5c29","-37.444433","144.572964","2024-04-11T06:28:00Z","PRESENT","iNaturalist Australia","Image","2ca46127-5325-4097-bd02-7555e90ea97c","",""
"cb7af55f-4f82-4422-8fcb-836baed0af45","Petroica (Petroica) boodang","https://biodiversity.org.au/afd/taxa/a3e5376b-f9e6-4bdf-adae-1e7add9f5c29","-30.573438","151.721062","2024-04-24T02:33:43Z","PRESENT","iNaturalist Australia","Image","4fede6b5-f6f1-48b7-a44f-695c8bfd72d6 | 79fbcc54-d749-4bb9-867e-02bbf592f3f5","",""
"ccbb4a7e-4e8f-41fc-9519-a0ac18f17675","Petroica (Petroica) boodang","https://biodiversity.org.au/afd/taxa/a3e5376b-f9e6-4bdf-adae-1e7add9f5c29","-34.721208","138.923136","2024-04-25T00:58:48Z","PRESENT","iNaturalist Australia","Image","8e9342f2-a323-442b-8cf9-80f281e73a7f | e80406b2-841c-4646-96f2-2fbde58d3685","",""
"cd7f3e5c-8404-4bc8-8db4-f4c95a9057b6","Petroica (Petroica) boodang","https://biodiversity.org.au/afd/taxa/a3e5376b-f9e6-4bdf-adae-1e7add9f5c29","-37.641319","144.849699","2024-03-19T22:50:00Z","PRESENT","iNaturalist Australia","Image","70ac5983-d164-45f6-8620-d4d3f208e3b5 | 9d60214b-4fa6-491b-8f1a-8049a3f67265 | b48ba0f8-a077-44fb-b993-e8c2b7ed5dce","",""
"ce0e07a7-6cca-4784-98ef-bde8b3a55a06","Petroica (Petroica) boodang","https://biodiversity.org.au/afd/taxa/a3e5376b-f9e6-4bdf-adae-1e7add9f5c29","-41.573039","146.291785","2024-03-27T05:48:31Z","PRESENT","iNaturalist Australia","Image","30d8fcaa-543c-4904-a7bf-c1d0d8446723 | c5f4c269-8a8d-4a56-9127-22216bf1ab1f | c62e3121-c8a9-44b2-9280-ec18b5b471bb | e575385a-1e03-4e0f-9c45-660a2d8876c8","",""
"ced21e9e-d6ee-4da0-80fd-1f492547be42","Petroica (Petroica) boodang","https://biodiversity.org.au/afd/taxa/a3e5376b-f9e6-4bdf-adae-1e7add9f5c29","-37.718455","145.054626","2024-04-22T00:25:10Z","PRESENT","iNaturalist Australia","Image","cdf154b9-4c6e-4e0e-a0a4-1f57b700128d","",""
"cf6bd128-aa5e-46dc-b37f-081bd1b73465","Petroica (Petroica) boodang","https://biodiversity.org.au/afd/taxa/a3e5376b-f9e6-4bdf-adae-1e7add9f5c29","-34.585823","139.020568","2024-02-05T00:39:24Z","PRESENT","iNaturalist Australia","Image","e777ce10-a76c-40c2-b423-05603bf037e3","",""
"d0915809-2cb1-4e41-9a82-9a9d37c555ff","Petroica (Petroica) boodang","https://biodiversity.org.au/afd/taxa/a3e5376b-f9e6-4bdf-adae-1e7add9f5c29","-37.865551","144.165217","2024-04-28T01:23:00Z","PRESENT","iNaturalist Australia","Image","62d10274-0015-4af6-b3c4-70f35701b0b7","",""
"d0adcd87-edd2-4d62-97d6-836d7fd10d6b","Petroica (Petroica) boodang","https://biodiversity.org.au/afd/taxa/a3e5376b-f9e6-4bdf-adae-1e7add9f5c29","-35.360354","149.269486","2024-02-25T00:17:00Z","PRESENT","iNaturalist Australia","Image","98405c1e-4452-42e9-bb02-59714aa25bf1","",""
"d15b9799-9d29-46cd-9df0-1b959ce324c9","Petroica (Petroica) boodang","https://biodiversity.org.au/afd/taxa/a3e5376b-f9e6-4bdf-adae-1e7add9f5c29","-35.377583","149.033498","2024-04-07T01:28:00Z","PRESENT","NatureMapr","Image","375e0278-9adf-436c-b974-bd3c2f664173 | d7a1f6e3-6541-487e-8af3-4be51944d298 | eaac8b6d-0cb3-4ca7-9797-522297956198","",""
"d166f35f-07a9-4059-9501-d1a63f7290ab","Petroica (Petroica) boodang","https://biodiversity.org.au/afd/taxa/a3e5376b-f9e6-4bdf-adae-1e7add9f5c29","-35.38364","149.030125","2024-04-07T02:05:00Z","PRESENT","NatureMapr","Image","0b9d8262-fc3c-41eb-b449-ae3959b98610 | 8f92a5b0-0de2-4648-a2e7-02e8f7747368 | 9d6877d3-edce-4417-b943-522c86c441f2 | c706f3ea-347d-4169-ab60-38630571e0c2 | de3071a7-11c1-444b-8ee2-9db882edffd2","",""
"d47162ed-9928-4d39-a857-17cdfa392dd2","Petroica (Petroica) boodang","https://biodiversity.org.au/afd/taxa/a3e5376b-f9e6-4bdf-adae-1e7add9f5c29","-33.71307","115.016083","2024-02-16T01:21:44Z","PRESENT","iNaturalist Australia","Image","1a82dbae-2280-4af3-b0ee-2efce7f672ca","",""
"d4974698-4fb2-4ca4-9c1a-c7a38e3de16e","Petroica (Petroica) boodang","https://biodiversity.org.au/afd/taxa/a3e5376b-f9e6-4bdf-adae-1e7add9f5c29","-34.671784","138.834774","2024-04-20T00:47:00Z","PRESENT","iNaturalist Australia","Image","2ed34fa7-a421-4bb3-bcee-75a1723b55ee","",""
"d5008dad-8885-44c0-ae18-ee99627ad229","Petroica (Petroica) boodang","https://biodiversity.org.au/afd/taxa/a3e5376b-f9e6-4bdf-adae-1e7add9f5c29","-41.682715","147.229641","2024-03-02T22:42:00Z","PRESENT","iNaturalist Australia","Image","ec17997d-d767-4231-a413-7c26a1c6388c","",""
"d521e929-b55f-4929-bc4c-0446dc967c2e","Petroica (Petroica) boodang","https://biodiversity.org.au/afd/taxa/a3e5376b-f9e6-4bdf-adae-1e7add9f5c29","-34.3187","118.063055","2024-03-03T00:43:00Z","PRESENT","iNaturalist Australia","Image","80a33060-b823-4f89-a39c-bc0d7cda351d","",""
"d560e768-8786-44f6-b407-2c1bde79bfaf","Petroica (Petroica) boodang","https://biodiversity.org.au/afd/taxa/a3e5376b-f9e6-4bdf-adae-1e7add9f5c29","-37.621797","145.076429","2024-04-04T22:59:21Z","PRESENT","iNaturalist Australia","Image","02741294-1588-4e67-8416-9484b7367357 | 44da30f2-240f-4fba-b50f-c0d2bbc9ff65","",""
"d78d1caf-976a-4151-89d8-02a629596e0d","Petroica (Petroica) boodang boodang","https://biodiversity.org.au/afd/taxa/53a066e6-a857-421a-aea6-8e38dc256717","-35.152385","138.739452","2024-04-28T00:18:00Z","PRESENT","iNaturalist Australia","Image","9f6cbe94-d5e3-4929-887d-dd290f595b15 | e1e7ff64-ed6d-4be3-877f-36301aaf66cf","",""
"d7ffd3b6-6c04-4b42-9f53-bab8acad5b0c","Petroica (Petroica) boodang","https://biodiversity.org.au/afd/taxa/a3e5376b-f9e6-4bdf-adae-1e7add9f5c29","-37.654397","145.351503","2024-02-18T03:35:12Z","PRESENT","iNaturalist Australia","Image","0728f0c6-cf21-491d-8e10-d3165f6863af | 19f83d27-fca0-480a-83f4-16deebb079f3 | 1df71b18-367e-4303-aa87-24b1c8564b79 | 7d56315f-bd5b-48bb-97ee-04c6d69331b4 | 9dd2b2b3-3931-496d-aab4-6a53a4dd9c4f | c602faea-d1d8-40f0-8835-645b6501eb17 | ccbe6b3b-d79e-44d3-a5fa-435042f654a9 | efc48d48-ace8-4dba-8771-a7be26292d53","",""
"d883f3ee-ca0a-441d-bca1-f180ca78277a","Petroica (Petroica) boodang","https://biodiversity.org.au/afd/taxa/a3e5376b-f9e6-4bdf-adae-1e7add9f5c29","-34.525219","150.240981","2024-04-20T06:18:43Z","PRESENT","iNaturalist Australia","Image","03e3e61f-ab55-4fc5-a6bd-2d54202c5e5e | 336f104e-e74d-4634-8707-52c1de388c2f | dfea7f32-5d0f-4b1f-80f3-0591ba5e910b | ea725ea9-9384-4ad2-9e3a-086ecc3608ff","",""
"d8f68e05-47f9-49ab-a68f-f2afd437bda0","Petroica (Petroica) boodang","https://biodiversity.org.au/afd/taxa/a3e5376b-f9e6-4bdf-adae-1e7add9f5c29","-32.779966","116.971251","2024-01-25T01:19:00Z","PRESENT","iNaturalist Australia","Image","72d13483-ff26-4df9-9138-573a1f2062e2","",""
"d9199945-42b0-45da-adbb-be241561812f","Petroica (Petroica) boodang","https://biodiversity.org.au/afd/taxa/a3e5376b-f9e6-4bdf-adae-1e7add9f5c29","-31.6","116.0","2024-04-06T12:03:00Z","PRESENT","Earth Guardians Weekly Feed","Image","7ca0851c-d7ab-42bf-bb90-2150d607ef6d | 98fe61fb-548d-4e05-b4f7-24524de25019 | b3579d6f-db0a-4687-b062-2dd4571f58c0","",""
"d98a33e8-ad52-42e3-9f6a-a97128156182","Petroica (Petroica) boodang","https://biodiversity.org.au/afd/taxa/a3e5376b-f9e6-4bdf-adae-1e7add9f5c29","-32.779966","116.971251","2024-01-25T01:19:00Z","PRESENT","iNaturalist Australia","Image","a94e51cf-66ff-4434-84b5-dc760936e771","",""
"dc4ee798-a5ae-478e-a45d-44f3eee0a24a","Petroica (Petroica) boodang","https://biodiversity.org.au/afd/taxa/a3e5376b-f9e6-4bdf-adae-1e7add9f5c29","-43.431703","146.973491","2024-02-29T20:45:00Z","PRESENT","iNaturalist Australia","Image","594fea83-31a4-40b0-acdc-2fe4045a200d | 5d70d327-64fb-44b5-9c5d-b077265a4cce | 91029a28-f219-4cc3-835c-d3199b344156","",""
"dceae6dd-c884-4c9b-8d7f-f997eed9a880","Petroica (Petroica) boodang","https://biodiversity.org.au/afd/taxa/a3e5376b-f9e6-4bdf-adae-1e7add9f5c29","-42.122817","148.285364","2024-04-07T01:21:46Z","PRESENT","iNaturalist Australia","Image","7cdcbd76-b239-48d6-a49d-f53be486cbf2 | aa9768cb-af6c-44a9-ab4b-d6118413624e","",""
"dd642a16-64f0-40f1-9a12-b40daefc474e","Petroica (Petroica) boodang","https://biodiversity.org.au/afd/taxa/a3e5376b-f9e6-4bdf-adae-1e7add9f5c29","-37.682245","145.094667","2024-04-21T00:17:54Z","PRESENT","iNaturalist Australia","Image","4b9dd61b-0f50-4951-834f-213aede47459 | c86acda9-593a-41d2-8cb3-aea6842d649c","",""
"dd9c7d72-ea0e-4702-8148-e4339e2530ff","Petroica (Petroica) boodang","https://biodiversity.org.au/afd/taxa/a3e5376b-f9e6-4bdf-adae-1e7add9f5c29","-37.876534","144.177176","2024-04-27T23:48:00Z","PRESENT","iNaturalist Australia","Image","2c737924-8692-49b6-8bec-e89abac1e78d","",""
"de4b8ec0-27ef-45a4-a435-0644c7644fde","Petroica (Petroica) boodang","https://biodiversity.org.au/afd/taxa/a3e5376b-f9e6-4bdf-adae-1e7add9f5c29","-34.294143","116.2476","2024-02-12T11:56:52Z","PRESENT","iNaturalist Australia","Image","c850472d-adf0-4ba5-8164-a2a92ff87dd2","",""
"dea565de-c7c3-4d26-a12e-ef26ff3053e1","Petroica (Petroica) boodang","https://biodiversity.org.au/afd/taxa/a3e5376b-f9e6-4bdf-adae-1e7add9f5c29","-37.838598","143.795513","2024-04-11T03:55:25Z","PRESENT","iNaturalist Australia","Image","d425bf9f-6fa3-4b79-bcb8-1af9d421d052","",""
"e0357b04-9439-4a02-be87-1ad1f4a356fd","Petroica (Petroica) boodang","https://biodiversity.org.au/afd/taxa/a3e5376b-f9e6-4bdf-adae-1e7add9f5c29","-35.623083","148.300167","2024-03-23T23:50:00Z","PRESENT","iNaturalist Australia","Image","1f904de2-268b-411a-bb28-126c38f0e2fd | c1b0b25e-c6b2-44df-8293-45520420f5ca","",""
"e09381d5-4699-48a1-a2a6-89a313a7da1e","Petroica (Petroica) boodang","https://biodiversity.org.au/afd/taxa/a3e5376b-f9e6-4bdf-adae-1e7add9f5c29","-37.216582","142.79867","2024-04-06T23:14:04Z","PRESENT","iNaturalist Australia","Image","5150e279-60ce-487d-936f-17f6891a6c88 | a36d8d5a-9535-41bb-8117-037bea99c299","",""
"e0a95b07-0cf5-43c3-ad60-1d51ab860e39","Petroica (Petroica) boodang","https://biodiversity.org.au/afd/taxa/a3e5376b-f9e6-4bdf-adae-1e7add9f5c29","-31.6","116.0","2024-03-28T12:16:00Z","PRESENT","Earth Guardians Weekly Feed","Image","37ea728a-b8b7-4685-bb49-5492634a1577 | 98964796-680c-4b77-a1ff-61892b94d57b | ae8190a0-a132-444f-866a-c262f9fabba1 | db2ee6a5-d5ed-4c04-b122-06d3278fd87a","",""
"e0c29dd1-a9c5-4c68-9ebc-9993997e87b7","Petroica (Petroica) boodang","https://biodiversity.org.au/afd/taxa/a3e5376b-f9e6-4bdf-adae-1e7add9f5c29","-32.71448","116.062154","2024-03-03T08:35:40Z","PRESENT","iNaturalist Australia","Image","aa2e0388-49fb-4f79-8b3e-ad48167f02a1","",""
"e1090b58-6306-47a4-9763-58464c9d6bc3","Petroica (Petroica) boodang","https://biodiversity.org.au/afd/taxa/a3e5376b-f9e6-4bdf-adae-1e7add9f5c29","-37.620114","145.272344","2024-05-02T23:09:00Z","PRESENT","iNaturalist Australia","Image","0ef2100e-d1ae-486a-88a1-9f85b016a6d6","",""
"e1310ff7-3dea-44bf-9953-9077be773b95","Petroica (Petroica) boodang campbelli","https://biodiversity.org.au/afd/taxa/e6a32f6c-3076-4410-9982-a6336758e31f","-32.784821","116.967026","2024-01-25T03:29:00Z","PRESENT","iNaturalist Australia","Image","596d159c-0ff7-418d-9fc2-dffd601f26d3","",""
"e226c8ea-8306-432e-9a18-1e30aebbfa71","Petroica (Petroica) boodang","https://biodiversity.org.au/afd/taxa/a3e5376b-f9e6-4bdf-adae-1e7add9f5c29","-34.76423","138.940632","2024-04-06T05:47:00Z","PRESENT","iNaturalist Australia","Image","fdead290-24c9-4dfc-a1f1-94a4f73a1ee7","",""
"e3b4c2df-0ce3-4e96-af25-45f32821b0bb","Petroica (Petroica) boodang","https://biodiversity.org.au/afd/taxa/a3e5376b-f9e6-4bdf-adae-1e7add9f5c29","-34.292415","116.249315","2024-04-02T09:35:26Z","PRESENT","iNaturalist Australia","Image","4a02444d-0ef0-42df-813d-8aaafa96bd61","",""
"e402e21f-a0cb-42bb-bf09-39984bf966be","Petroica (Petroica) boodang","https://biodiversity.org.au/afd/taxa/a3e5376b-f9e6-4bdf-adae-1e7add9f5c29","-34.692015","138.826933","2024-04-26T03:54:00Z","PRESENT","iNaturalist Australia","Image","35ffc289-9af9-47ed-8dc1-8b3f1a4b704a","",""
"e5099a25-2783-4f98-aecc-5075d31f5f4b","Petroica (Petroica) boodang","https://biodiversity.org.au/afd/taxa/a3e5376b-f9e6-4bdf-adae-1e7add9f5c29","-34.692015","138.826933","2024-02-17T23:40:00Z","PRESENT","iNaturalist Australia","Image","f614e903-961a-48fc-8419-49d3f2ebc113","",""
"e5c2d369-471b-48e1-bc58-ad5bc2539fe4","Petroica (Petroica) boodang","https://biodiversity.org.au/afd/taxa/a3e5376b-f9e6-4bdf-adae-1e7add9f5c29","-32.771961","116.083787","2024-01-20T08:01:00Z","PRESENT","iNaturalist Australia","Image","27be4b40-419c-4f88-8d25-8faf295346f0","",""
"e5db45d0-aa9f-46d4-b4c2-602feba31bdb","Petroica (Petroica) boodang","https://biodiversity.org.au/afd/taxa/a3e5376b-f9e6-4bdf-adae-1e7add9f5c29","-35.721941","149.1456","2024-05-02T02:01:00Z","PRESENT","iNaturalist Australia","Image","3e97bf66-a0fa-40ec-91e9-6cb2b3b2df02","",""
"e6a7c382-1413-437c-bee2-da4cc010b9e8","Petroica (Petroica) boodang","https://biodiversity.org.au/afd/taxa/a3e5376b-f9e6-4bdf-adae-1e7add9f5c29","-37.444293","144.57284","2024-04-11T06:29:00Z","PRESENT","iNaturalist Australia","Image","88b32bba-fb54-482f-a0ac-8453020ff46d","",""
"e7c6cac7-29ef-46ed-9bbb-2e4607dbf490","Petroica (Petroica) boodang","https://biodiversity.org.au/afd/taxa/a3e5376b-f9e6-4bdf-adae-1e7add9f5c29","-34.319567","118.187135","2024-04-22T06:39:00Z","PRESENT","iNaturalist Australia","Image","1806a9c2-1314-4ddf-ac0e-b6c9a6f834eb","",""
"e80e5a4d-9be3-4f89-98b8-88a683e964dd","Petroica (Petroica) boodang","https://biodiversity.org.au/afd/taxa/a3e5376b-f9e6-4bdf-adae-1e7add9f5c29","-31.627034","116.036281","2024-01-31T05:55:00Z","PRESENT","iNaturalist Australia","Image","28e88723-dbea-4810-a2c3-112321002b22 | f0c5e1ff-c74b-4b60-a910-c106d64cb583","",""
"e93de6c7-c33d-47a2-a1a4-76bd38f536e6","Petroica (Petroica) boodang","https://biodiversity.org.au/afd/taxa/a3e5376b-f9e6-4bdf-adae-1e7add9f5c29","-38.410616","144.157384","2024-04-25T05:53:00Z","PRESENT","iNaturalist Australia","Image","0d435041-852c-42fb-bbfa-ca25849602fa | acc3275f-bc05-4473-8620-58d6879f3067","",""
"e93ed013-87d3-4aad-9601-27fc876102e6","Petroica (Petroica) boodang","https://biodiversity.org.au/afd/taxa/a3e5376b-f9e6-4bdf-adae-1e7add9f5c29","-34.692015","138.826933","2024-02-23T22:31:00Z","PRESENT","iNaturalist Australia","Image","ea8a9443-3353-4cda-8cd8-1364f30159ce","",""
"eab4361a-3938-4e9b-908d-6e09d46aa772","Petroica (Petroica) boodang","https://biodiversity.org.au/afd/taxa/a3e5376b-f9e6-4bdf-adae-1e7add9f5c29","-33.950091","115.084036","2024-03-30T00:37:19Z","PRESENT","iNaturalist Australia","Image","8096a757-ea7e-4d9c-95c3-bb73973b3578 | 85ddc9fc-9e0c-40a3-84a8-c8ef30f63f46","",""
"eb871d35-a352-4a30-b65a-3bb056fe659a","Petroica (Petroica) boodang","https://biodiversity.org.au/afd/taxa/a3e5376b-f9e6-4bdf-adae-1e7add9f5c29","-32.802579","116.097602","2024-03-03T01:04:17Z","PRESENT","iNaturalist Australia","Image","239a9ce5-b267-4b89-8df0-23b52eb6d47b | 4d3019bd-9064-4df9-8856-25fbd68d1f86 | a7dd02a9-84da-4aa2-9d06-e92e1b2bee9c","",""
"eeeb1022-d512-4d16-9c6d-dde2ec356117","Petroica (Petroica) boodang","https://biodiversity.org.au/afd/taxa/a3e5376b-f9e6-4bdf-adae-1e7add9f5c29","-37.127326","144.331263","2024-04-25T02:00:00Z","PRESENT","iNaturalist Australia","Image","f1551c5b-caff-4710-946c-2774d0f3f420","",""
"ef8c0065-c2a7-4653-a7ae-c4e9e1548526","Petroica (Petroica) boodang","https://biodiversity.org.au/afd/taxa/a3e5376b-f9e6-4bdf-adae-1e7add9f5c29","-42.684211","146.714038","2024-02-19T06:12:00Z","PRESENT","iNaturalist Australia","Image","4079f444-fdd4-4d49-8519-1246efbe9aa4","",""
"f02a12ce-d470-47d4-b6aa-e06d85dfce2c","Petroica (Petroica) boodang","https://biodiversity.org.au/afd/taxa/a3e5376b-f9e6-4bdf-adae-1e7add9f5c29","-32.775765","116.973116","2024-04-05T23:27:00Z","PRESENT","iNaturalist Australia","Image","c9809d7b-987e-4a39-ac49-acfd6752746c","",""
"f1766d40-67d9-4789-81a7-ae82598397ee","Petroica (Petroica) boodang","https://biodiversity.org.au/afd/taxa/a3e5376b-f9e6-4bdf-adae-1e7add9f5c29","-31.5","151.2","2024-03-23T10:44:19Z","PRESENT","Earth Guardians Weekly Feed","Image","4cd5303f-1c19-44da-87f5-fa0526d3c72d","",""
"f1b8aa62-3acb-4ced-912e-2d4790a697aa","Petroica (Petroica) boodang","https://biodiversity.org.au/afd/taxa/a3e5376b-f9e6-4bdf-adae-1e7add9f5c29","-41.34035","146.84115","2024-04-10T06:41:25Z","PRESENT","iNaturalist Australia","Image","594afaad-07f5-4323-9aba-b3a6bede9532","",""
"f21bda77-aa9a-4408-a169-0d41b6c324aa","Petroica (Petroica) boodang","https://biodiversity.org.au/afd/taxa/a3e5376b-f9e6-4bdf-adae-1e7add9f5c29","-37.018194","145.119231","2024-04-07T06:21:00Z","PRESENT","iNaturalist Australia","Image","c2ba35e3-2e37-4430-8e78-9047ac03be14","",""
"f281dd8b-469d-4cdd-b813-b8c7e2b16e70","Petroica (Petroica) boodang","https://biodiversity.org.au/afd/taxa/a3e5376b-f9e6-4bdf-adae-1e7add9f5c29","-37.467304","144.24301","2024-03-29T04:41:00Z","PRESENT","iNaturalist Australia","Image","165c639b-ebe2-44ae-b378-4398c85e98f8","",""
"f2d2f19d-0317-40cc-b350-2a036acdd126","Petroica (Petroica) boodang","https://biodiversity.org.au/afd/taxa/a3e5376b-f9e6-4bdf-adae-1e7add9f5c29","-34.412901","116.980359","2024-01-26T23:50:00Z","PRESENT","iNaturalist Australia","Image","61fc0c5c-0d75-4ca5-a0c3-17b0bc150d4e | 99e06b4e-d60a-4a64-969f-3319b8745e07","",""
"f322bdc6-1b61-4221-be19-832ec70ebb14","Petroica (Petroica) boodang","https://biodiversity.org.au/afd/taxa/a3e5376b-f9e6-4bdf-adae-1e7add9f5c29","-37.93222","145.316053","2024-05-04T05:21:00Z","PRESENT","iNaturalist Australia","Image","288ed5fd-2a2b-4af3-8018-53750f435341 | ab55aac4-34dd-4d6b-96a1-b5ba0bf8a399 | c5bca436-5613-49c3-a4ea-1697d28b9dcb","",""
"f45bf770-d190-45c5-b30c-1c7fbc134b21","Petroica (Petroica) boodang","https://biodiversity.org.au/afd/taxa/a3e5376b-f9e6-4bdf-adae-1e7add9f5c29","-37.450236","144.646971","2024-03-28T06:22:00Z","PRESENT","iNaturalist Australia","Image","e0cf2f3b-6e5a-4f8a-83dd-cb15dd0634c5","",""
"f50ef8d4-b5c2-4f80-a6b1-42f3ce84032c","Petroica (Petroica) boodang","https://biodiversity.org.au/afd/taxa/a3e5376b-f9e6-4bdf-adae-1e7add9f5c29","-37.717084","145.054909","2024-04-26T02:17:00Z","PRESENT","iNaturalist Australia","Image","1b56bf4c-b41e-4509-ace7-61c6307e6c97","",""
"f52e155d-4a66-4e32-adf3-6898f45e8c2c","Petroica (Petroica) boodang","https://biodiversity.org.au/afd/taxa/a3e5376b-f9e6-4bdf-adae-1e7add9f5c29","-37.054207","139.902624","2024-04-12T00:14:00Z","PRESENT","iNaturalist Australia","Image","1c581376-1a4e-4fd2-a046-c267b5217b9f | 1fe4a748-2f63-4627-adef-33a2e72a4c08","",""
"f5d8d22a-d625-40ad-8a9c-6997f65cd122","Petroica (Petroica) boodang","https://biodiversity.org.au/afd/taxa/a3e5376b-f9e6-4bdf-adae-1e7add9f5c29","-37.397951","144.277489","2024-03-29T23:33:00Z","PRESENT","iNaturalist Australia","Image","b69aa37b-2e4b-4edd-a500-9fca47d6c895","",""
"f71add68-482e-48c0-a2d0-b69e8d569115","Petroica (Petroica) boodang","https://biodiversity.org.au/afd/taxa/a3e5376b-f9e6-4bdf-adae-1e7add9f5c29","-34.684499","150.290698","2024-03-15T23:46:00Z","PRESENT","NatureMapr","Image","7a31d3ef-8855-4db6-8ea5-2ba8105ba038 | 9c19db32-c4f0-49ff-9d6c-0cfa51f9a879","",""
"f8472359-9d68-4693-8b0d-eec9f7debb49","Petroica (Petroica) boodang","https://biodiversity.org.au/afd/taxa/a3e5376b-f9e6-4bdf-adae-1e7add9f5c29","-34.692015","138.826933","2024-02-10T23:55:00Z","PRESENT","iNaturalist Australia","Image","e770f67c-cd88-4d09-a6a1-d8f8c782f5bd","",""
"f8ce839c-83cb-409e-accb-ef19d78b27db","Petroica (Petroica) boodang","https://biodiversity.org.au/afd/taxa/a3e5376b-f9e6-4bdf-adae-1e7add9f5c29","-37.8693","144.248195","2024-01-24T23:19:00Z","PRESENT","iNaturalist Australia","Image","030ae6c1-2770-4ad7-b4a2-8f3f17329513","",""
"fa27f6cb-6f91-4a12-86ae-a45f1493dd02","Petroica (Petroica) boodang","https://biodiversity.org.au/afd/taxa/a3e5376b-f9e6-4bdf-adae-1e7add9f5c29","-34.692015","138.826933","2024-02-28T00:46:00Z","PRESENT","iNaturalist Australia","Image","cd2b2cd3-1604-4f1a-829a-291275dee693","",""
"fa6bce7c-9830-417c-b44c-35995c297c5e","Petroica (Petroica) boodang","https://biodiversity.org.au/afd/taxa/a3e5376b-f9e6-4bdf-adae-1e7add9f5c29","-31.627248","116.036409","2024-03-28T04:16:00Z","PRESENT","iNaturalist Australia","Image","adc260a0-a1c3-474d-9f48-691a7cf5ee80","",""
"fa896f05-7a4e-46d5-8b1f-443aab51512b","Petroica (Petroica) boodang","https://biodiversity.org.au/afd/taxa/a3e5376b-f9e6-4bdf-adae-1e7add9f5c29","-36.898237","142.46457","2024-03-29T07:02:00Z","PRESENT","iNaturalist Australia","Image","65a81028-ac2b-44dd-bbd9-8039208f76b1 | 9256bfd4-8b9f-427a-a83c-b48f250e9e3b","",""
"fb283a84-547a-48fc-89fb-438b443d570a","Petroica (Petroica) boodang","https://biodiversity.org.au/afd/taxa/a3e5376b-f9e6-4bdf-adae-1e7add9f5c29","-43.198778","147.387253","2024-03-05T08:04:35Z","PRESENT","iNaturalist Australia","Image","95e8e4a5-94a4-4ce9-be3e-1a8490d9a805 | b454e905-0718-478a-8d61-42baf94c9a5e | dea82f19-027a-4670-aa9c-3a9a5136f6a1","",""
"fbedff18-6cbc-49e3-bbd7-10c84ccde149","Petroica (Petroica) boodang","https://biodiversity.org.au/afd/taxa/a3e5376b-f9e6-4bdf-adae-1e7add9f5c29","-34.673898","138.831933","2024-01-23T21:36:36Z","PRESENT","iNaturalist Australia","Image","24834e4b-21f7-4067-8737-a0943402ca2a","",""
"fe339157-3641-4d1a-bc0a-91272463d8d6","Petroica (Petroica) boodang","https://biodiversity.org.au/afd/taxa/a3e5376b-f9e6-4bdf-adae-1e7add9f5c29","-32.723846","115.774956","2024-04-20T16:57:13Z","PRESENT","iNaturalist Australia","Image","0f85686b-7aec-4930-b8bc-d130dd390568 | 1b4aab45-0d60-4e2e-acf7-89abb22ea916","",""
"feb039b7-ee2c-4ff3-a83d-39f6824d7ce6","Petroica (Petroica) boodang","https://biodiversity.org.au/afd/taxa/a3e5376b-f9e6-4bdf-adae-1e7add9f5c29","-37.69641","144.905841","2024-04-10T23:33:00Z","PRESENT","iNaturalist Australia","Image","5b8fa04c-90d6-44da-8c80-ffed52e4d45c | 947223a6-ab16-49aa-b99b-47811363015d | bc33863e-95e3-423f-9a0c-69ed073f695c | c0d2b0ae-f908-41a2-bba6-fcc9ae0c96aa","",""
